path,area,bytes,lines,asmMarkers,nonmatchingMarkers
libs/doldecomp/include/dat_macros.h,libs/doldecomp,8734,285,0,0
libs/doldecomp/include/m2c_macros.h,libs/doldecomp,1256,45,0,0
libs/doldecomp/include/placeholder.h,libs/doldecomp,2243,62,0,0
libs/dolphin/include/charPipeline/fileCache.h,libs/dolphin,992,43,0,0
libs/dolphin/include/charPipeline/structures/dolphinString.h,libs/dolphin,364,19,0,0
libs/dolphin/include/charPipeline/structures/HTable.h,libs/dolphin,759,30,0,0
libs/dolphin/include/charPipeline/structures/List.h,libs/dolphin,648,31,0,0
libs/dolphin/include/charPipeline/structures/Tree.h,libs/dolphin,678,32,0,0
libs/dolphin/include/charPipeline/structures.h,libs/dolphin,269,9,0,0
libs/dolphin/include/charPipeline/texPalette.h,libs/dolphin,1532,56,0,0
libs/dolphin/include/cmath.h,libs/dolphin,128,7,0,0
libs/dolphin/include/dolphin/ai.h,libs/dolphin,1247,50,0,0
libs/dolphin/include/dolphin/amc/AmcExi2Comm.h,libs/dolphin,3869,105,0,0
libs/dolphin/include/dolphin/amc/AmcTypes.h,libs/dolphin,214,9,0,0
libs/dolphin/include/dolphin/ar.h,libs/dolphin,1852,64,0,0
libs/dolphin/include/dolphin/ax.h,libs/dolphin,8722,298,0,0
libs/dolphin/include/dolphin/axfx.h,libs/dolphin,4908,164,0,0
libs/dolphin/include/dolphin/base/PPCArch.h,libs/dolphin,23034,556,0,0
libs/dolphin/include/dolphin/card/CARDBios.h,libs/dolphin,378,11,0,0
libs/dolphin/include/dolphin/card/CARDCheck.h,libs/dolphin,181,7,0,0
libs/dolphin/include/dolphin/card/CARDCreate.h,libs/dolphin,347,9,0,0
libs/dolphin/include/dolphin/card/CARDDelete.h,libs/dolphin,333,9,0,0
libs/dolphin/include/dolphin/card/CARDDir.h,libs/dolphin,298,12,0,0
libs/dolphin/include/dolphin/card/CARDFormat.h,libs/dolphin,131,6,0,0
libs/dolphin/include/dolphin/card/CARDMount.h,libs/dolphin,440,13,0,0
libs/dolphin/include/dolphin/card/CARDOpen.h,libs/dolphin,272,8,0,0
libs/dolphin/include/dolphin/card/CARDRdwr.h,libs/dolphin,134,6,0,0
libs/dolphin/include/dolphin/card/CARDRead.h,libs/dolphin,357,10,0,0
libs/dolphin/include/dolphin/card/CARDRename.h,libs/dolphin,159,6,0,0
libs/dolphin/include/dolphin/card/CARDStat.h,libs/dolphin,857,27,0,0
libs/dolphin/include/dolphin/card/CARDWrite.h,libs/dolphin,297,8,0,0
libs/dolphin/include/dolphin/card.h,libs/dolphin,5803,207,0,0
libs/dolphin/include/dolphin/db/DBInterface.h,libs/dolphin,671,31,0,0
libs/dolphin/include/dolphin/db.h,libs/dolphin,329,20,0,0
libs/dolphin/include/dolphin/demo/DEMOInit.h,libs/dolphin,795,23,0,0
libs/dolphin/include/dolphin/demo/DEMOPad.h,libs/dolphin,588,26,0,0
libs/dolphin/include/dolphin/demo/DEMOPuts.h,libs/dolphin,953,30,0,0
libs/dolphin/include/dolphin/demo/DEMOStats.h,libs/dolphin,907,39,0,0
libs/dolphin/include/dolphin/demo/DEMOWin.h,libs/dolphin,3416,81,0,0
libs/dolphin/include/dolphin/demo.h,libs/dolphin,2790,73,0,0
libs/dolphin/include/dolphin/dolformat.h,libs/dolphin,651,34,0,0
libs/dolphin/include/dolphin/dsp.h,libs/dolphin,1331,48,0,0
libs/dolphin/include/dolphin/dtk.h,libs/dolphin,1351,49,0,0
libs/dolphin/include/dolphin/dvd.h,libs/dolphin,10213,253,0,0
libs/dolphin/include/dolphin/exi.h,libs/dolphin,969,29,0,0
libs/dolphin/include/dolphin/G2D.h,libs/dolphin,1627,80,0,0
libs/dolphin/include/dolphin/GDLight.h,libs/dolphin,133,7,0,0
libs/dolphin/include/dolphin/gx/GXBump.h,libs/dolphin,1757,40,0,0
libs/dolphin/include/dolphin/gx/GXCommandList.h,libs/dolphin,831,34,0,0
libs/dolphin/include/dolphin/gx/GXCpu2Efb.h,libs/dolphin,924,30,0,0
libs/dolphin/include/dolphin/gx/GXCull.h,libs/dolphin,314,18,0,0
libs/dolphin/include/dolphin/gx/GXDispList.h,libs/dolphin,315,18,0,0
libs/dolphin/include/dolphin/gx/GXDraw.h,libs/dolphin,494,24,0,0
libs/dolphin/include/dolphin/gx/GXEnum.h,libs/dolphin,17843,896,0,0
libs/dolphin/include/dolphin/gx/GXFifo.h,libs/dolphin,1615,49,0,0
libs/dolphin/include/dolphin/gx/GXFrameBuffer.h,libs/dolphin,2031,59,0,0
libs/dolphin/include/dolphin/gx/GXGeometry.h,libs/dolphin,1787,54,0,0
libs/dolphin/include/dolphin/gx/GXGet.h,libs/dolphin,3050,75,0,0
libs/dolphin/include/dolphin/gx/GXLighting.h,libs/dolphin,1519,37,0,0
libs/dolphin/include/dolphin/gx/GXManage.h,libs/dolphin,834,36,0,0
libs/dolphin/include/dolphin/gx/GXPerf.h,libs/dolphin,1126,35,0,0
libs/dolphin/include/dolphin/gx/GXPixel.h,libs/dolphin,1041,30,0,0
libs/dolphin/include/dolphin/gx/GXStruct.h,libs/dolphin,1420,75,0,0
libs/dolphin/include/dolphin/gx/GXTev.h,libs/dolphin,1745,41,0,0
libs/dolphin/include/dolphin/gx/GXTexture.h,libs/dolphin,2634,55,0,0
libs/dolphin/include/dolphin/gx/GXTransform.h,libs/dolphin,1142,35,0,0
libs/dolphin/include/dolphin/gx/GXVerify.h,libs/dolphin,377,16,0,0
libs/dolphin/include/dolphin/gx/GXVert.h,libs/dolphin,5053,165,0,0
libs/dolphin/include/dolphin/gx.h,libs/dolphin,1037,41,0,0
libs/dolphin/include/dolphin/hio.h,libs/dolphin,596,18,0,0
libs/dolphin/include/dolphin/hw_regs.h,libs/dolphin,4360,115,0,0
libs/dolphin/include/dolphin/mcc.h,libs/dolphin,4796,172,0,0
libs/dolphin/include/dolphin/mix.h,libs/dolphin,2196,79,0,0
libs/dolphin/include/dolphin/mtx.h,libs/dolphin,7111,229,3,0
libs/dolphin/include/dolphin/odemu/odemu.h,libs/dolphin,249,12,0,0
libs/dolphin/include/dolphin/os/init/__ppc_eabi_init.h,libs/dolphin,307,12,0,0
libs/dolphin/include/dolphin/os/OSAlarm.h,libs/dolphin,877,30,0,0
libs/dolphin/include/dolphin/os/OSAlloc.h,libs/dolphin,825,26,0,0
libs/dolphin/include/dolphin/os/OSCache.h,libs/dolphin,991,30,0,0
libs/dolphin/include/dolphin/os/OSContext.h,libs/dolphin,4543,172,0,0
libs/dolphin/include/dolphin/os/OSDC.h,libs/dolphin,426,23,0,0
libs/dolphin/include/dolphin/os/OSError.h,libs/dolphin,942,38,0,0
libs/dolphin/include/dolphin/os/OSException.h,libs/dolphin,2808,61,0,0
libs/dolphin/include/dolphin/os/OSFont.h,libs/dolphin,1320,55,0,0
libs/dolphin/include/dolphin/os/OSIC.h,libs/dolphin,320,20,0,0
libs/dolphin/include/dolphin/os/OSInterrupt.h,libs/dolphin,6166,122,0,0
libs/dolphin/include/dolphin/os/OSL2.h,libs/dolphin,328,20,0,0
libs/dolphin/include/dolphin/os/OSLC.h,libs/dolphin,377,19,0,0
libs/dolphin/include/dolphin/os/OSMessage.h,libs/dolphin,725,29,0,0
libs/dolphin/include/dolphin/os/OSModule.h,libs/dolphin,3246,116,0,0
libs/dolphin/include/dolphin/os/OSMutex.h,libs/dolphin,711,33,0,0
libs/dolphin/include/dolphin/os/OSReboot.h,libs/dolphin,287,19,0,0
libs/dolphin/include/dolphin/os/OSReset.h,libs/dolphin,839,38,0,0
libs/dolphin/include/dolphin/os/OSResetSW.h,libs/dolphin,352,20,0,0
libs/dolphin/include/dolphin/os/OSRtc.h,libs/dolphin,1321,61,0,0
libs/dolphin/include/dolphin/os/OSSerial.h,libs/dolphin,2336,71,0,0
libs/dolphin/include/dolphin/os/OSStopwatch.h,libs/dolphin,578,21,0,0
libs/dolphin/include/dolphin/os/OSThread.h,libs/dolphin,2229,83,0,0
libs/dolphin/include/dolphin/os/OSTime.h,libs/dolphin,1048,34,0,0
libs/dolphin/include/dolphin/os.h,libs/dolphin,7158,208,0,0
libs/dolphin/include/dolphin/pad.h,libs/dolphin,3073,95,0,0
libs/dolphin/include/dolphin/perf.h,libs/dolphin,2876,100,0,0
libs/dolphin/include/dolphin/seq.h,libs/dolphin,1637,50,0,0
libs/dolphin/include/dolphin/si.h,libs/dolphin,2329,64,0,0
libs/dolphin/include/dolphin/syn.h,libs/dolphin,4779,162,0,0
libs/dolphin/include/dolphin/thp/thp.h,libs/dolphin,4447,139,0,0
libs/dolphin/include/dolphin/types.h,libs/dolphin,877,47,0,0
libs/dolphin/include/dolphin/vi/vifuncs.h,libs/dolphin,831,33,0,0
libs/dolphin/include/dolphin/vi/vitypes.h,libs/dolphin,1326,42,0,0
libs/dolphin/include/dolphin/vi.h,libs/dolphin,263,11,0,0
libs/dolphin/include/dolphin.h,libs/dolphin,525,23,0,0
libs/dolphin/include/global.h,libs/dolphin,101,7,0,0
libs/dolphin/include/libc/assert.h,libs/dolphin,339,13,0,0
libs/dolphin/include/libc/math.h,libs/dolphin,2954,117,2,0
libs/dolphin/include/libc/stdlib.h,libs/dolphin,456,26,0,0
libs/dolphin/include/macros.h,libs/dolphin,1252,32,0,0
libs/dolphin/nonmatchings/__GXVerifyTEV.s,libs/dolphin,94382,1766,0,0
libs/dolphin/nonmatchings/GXRedirectWriteGatherPipe.s,libs/dolphin,4770,92,0,0
libs/dolphin/nonmatchings/GXRestoreWriteGatherPipe.s,libs/dolphin,4581,89,0,0
libs/dolphin/src/dolphin/ai/ai.c,libs/dolphin,10962,438,1,0
libs/dolphin/src/dolphin/amcnotstub/amcnotstub.c,libs/dolphin,109,9,0,0
libs/dolphin/src/dolphin/amcstubs/AmcExi2Stubs.c,libs/dolphin,547,34,0,0
libs/dolphin/src/dolphin/ar/__ar.h,libs/dolphin,368,13,0,0
libs/dolphin/src/dolphin/ar/ar.c,libs/dolphin,12406,379,0,0
libs/dolphin/src/dolphin/ar/arq.c,libs/dolphin,8409,275,0,0
libs/dolphin/src/dolphin/ax/__ax.h,libs/dolphin,1755,67,0,0
libs/dolphin/src/dolphin/ax/AX.c,libs/dolphin,481,30,0,0
libs/dolphin/src/dolphin/ax/AXAlloc.c,libs/dolphin,4907,221,0,0
libs/dolphin/src/dolphin/ax/AXAux.c,libs/dolphin,3567,126,0,0
libs/dolphin/src/dolphin/ax/AXCL.c,libs/dolphin,3854,141,0,0
libs/dolphin/src/dolphin/ax/AXOut.c,libs/dolphin,5248,197,0,0
libs/dolphin/src/dolphin/ax/AXProf.c,libs/dolphin,1009,49,0,0
libs/dolphin/src/dolphin/ax/AXSPB.c,libs/dolphin,2668,100,0,0
libs/dolphin/src/dolphin/ax/AXVPB.c,libs/dolphin,32277,1287,0,0
libs/dolphin/src/dolphin/ax/DSPCode.c,libs/dolphin,28504,376,0,0
libs/dolphin/src/dolphin/axfx/axfx.c,libs/dolphin,498,21,0,0
libs/dolphin/src/dolphin/axfx/chorus.c,libs/dolphin,19555,524,2,0
libs/dolphin/src/dolphin/axfx/delay.c,libs/dolphin,3196,113,0,0
libs/dolphin/src/dolphin/axfx/reverb_hi.c,libs/dolphin,18961,699,2,0
libs/dolphin/src/dolphin/axfx/reverb_std.c,libs/dolphin,13392,471,1,0
libs/dolphin/src/dolphin/base/PPCArch.c,libs/dolphin,5380,364,38,0
libs/dolphin/src/dolphin/base/PPCPm.c,libs/dolphin,528,41,0,0
libs/dolphin/src/dolphin/card/__card.h,libs/dolphin,3287,86,0,0
libs/dolphin/src/dolphin/card/CARDBios.c,libs/dolphin,19175,792,0,0
libs/dolphin/src/dolphin/card/CARDBlock.c,libs/dolphin,4245,178,0,0
libs/dolphin/src/dolphin/card/CARDCheck.c,libs/dolphin,10159,368,0,0
libs/dolphin/src/dolphin/card/CARDCreate.c,libs/dolphin,4350,141,0,0
libs/dolphin/src/dolphin/card/CARDDelete.c,libs/dolphin,3038,124,0,0
libs/dolphin/src/dolphin/card/CARDDir.c,libs/dolphin,2534,96,0,0
libs/dolphin/src/dolphin/card/CARDFormat.c,libs/dolphin,4789,157,0,0
libs/dolphin/src/dolphin/card/CARDMount.c,libs/dolphin,9344,364,0,0
libs/dolphin/src/dolphin/card/CARDOpen.c,libs/dolphin,4265,173,0,0
libs/dolphin/src/dolphin/card/CARDRaw.c,libs/dolphin,1078,38,0,0
libs/dolphin/src/dolphin/card/CARDRdwr.c,libs/dolphin,2900,110,0,0
libs/dolphin/src/dolphin/card/CARDRead.c,libs/dolphin,6424,215,0,0
libs/dolphin/src/dolphin/card/CARDRename.c,libs/dolphin,2382,90,0,0
libs/dolphin/src/dolphin/card/CARDStat.c,libs/dolphin,5158,178,0,0
libs/dolphin/src/dolphin/card/CARDStatEx.c,libs/dolphin,3801,122,0,0
libs/dolphin/src/dolphin/card/CARDUnlock.c,libs/dolphin,11604,408,0,0
libs/dolphin/src/dolphin/card/CARDWrite.c,libs/dolphin,4232,138,0,0
libs/dolphin/src/dolphin/db/db.c,libs/dolphin,1551,70,1,0
libs/dolphin/src/dolphin/demo/__demo.h,libs/dolphin,313,11,0,0
libs/dolphin/src/dolphin/demo/DEMOFont.c,libs/dolphin,9971,134,0,0
libs/dolphin/src/dolphin/demo/DEMOInit.c,libs/dolphin,11928,407,0,0
libs/dolphin/src/dolphin/demo/DEMOPad.c,libs/dolphin,3003,118,0,0
libs/dolphin/src/dolphin/demo/DEMOPuts.c,libs/dolphin,9702,357,0,0
libs/dolphin/src/dolphin/demo/DEMOStats.c,libs/dolphin,15403,442,0,0
libs/dolphin/src/dolphin/demo/DEMOWin.c,libs/dolphin,35649,1031,0,0
libs/dolphin/src/dolphin/dolformat/DOLLoader.c,libs/dolphin,2723,84,1,0
libs/dolphin/src/dolphin/dsp/__dsp.h,libs/dolphin,399,14,0,0
libs/dolphin/src/dolphin/dsp/dsp.c,libs/dolphin,4157,202,0,0
libs/dolphin/src/dolphin/dsp/dsp_debug.c,libs/dolphin,215,11,0,0
libs/dolphin/src/dolphin/dsp/dsp_task.c,libs/dolphin,11595,323,0,0
libs/dolphin/src/dolphin/dtk/dtk.c,libs/dolphin,13207,481,0,0
libs/dolphin/src/dolphin/dvd/__dvd.h,libs/dolphin,1087,33,0,0
libs/dolphin/src/dolphin/dvd/dvd.c,libs/dolphin,50942,1777,0,0
libs/dolphin/src/dolphin/dvd/dvderror.c,libs/dolphin,1241,58,0,0
libs/dolphin/src/dolphin/dvd/dvdfs.c,libs/dolphin,22736,777,0,0
libs/dolphin/src/dolphin/dvd/dvdlow.c,libs/dolphin,13199,485,0,0
libs/dolphin/src/dolphin/dvd/dvdqueue.c,libs/dolphin,4342,175,0,0
libs/dolphin/src/dolphin/dvd/fstload.c,libs/dolphin,2903,98,0,0
libs/dolphin/src/dolphin/fileCache/fileCache.c,libs/dolphin,4037,155,0,0
libs/dolphin/src/dolphin/G2D/G2D.c,libs/dolphin,24396,736,0,0
libs/dolphin/src/dolphin/gx/__gx.h,libs/dolphin,21524,484,0,0
libs/dolphin/src/dolphin/gx/GXAttr.c,libs/dolphin,22537,741,0,0
libs/dolphin/src/dolphin/gx/GXBump.c,libs/dolphin,12337,378,0,0
libs/dolphin/src/dolphin/gx/GXDisplayList.c,libs/dolphin,3090,99,0,0
libs/dolphin/src/dolphin/gx/GXDraw.c,libs/dolphin,14548,532,0,0
libs/dolphin/src/dolphin/gx/GXFifo.c,libs/dolphin,20297,648,2,0
libs/dolphin/src/dolphin/gx/GXFrameBuf.c,libs/dolphin,30395,828,0,0
libs/dolphin/src/dolphin/gx/GXGeometry.c,libs/dolphin,4004,165,0,0
libs/dolphin/src/dolphin/gx/GXInit.c,libs/dolphin,13740,397,1,0
libs/dolphin/src/dolphin/gx/GXLight.c,libs/dolphin,17923,615,0,0
libs/dolphin/src/dolphin/gx/GXMisc.c,libs/dolphin,11379,499,0,0
libs/dolphin/src/dolphin/gx/GXPerf.c,libs/dolphin,18085,703,0,0
libs/dolphin/src/dolphin/gx/GXPixel.c,libs/dolphin,8115,281,0,0
libs/dolphin/src/dolphin/gx/GXSave.c,libs/dolphin,12709,486,0,0
libs/dolphin/src/dolphin/gx/GXStubs.c,libs/dolphin,96,4,0,0
libs/dolphin/src/dolphin/gx/GXTev.c,libs/dolphin,13004,417,0,0
libs/dolphin/src/dolphin/gx/GXTexture.c,libs/dolphin,42763,1326,0,0
libs/dolphin/src/dolphin/gx/GXTransform.c,libs/dolphin,15408,554,4,0
libs/dolphin/src/dolphin/gx/GXVerifRAS.c,libs/dolphin,43845,1010,1,0
libs/dolphin/src/dolphin/gx/GXVerifXF.c,libs/dolphin,39253,1141,0,0
libs/dolphin/src/dolphin/gx/GXVerify.c,libs/dolphin,9961,206,0,0
libs/dolphin/src/dolphin/gx/GXVert.c,libs/dolphin,3989,109,0,0
libs/dolphin/src/dolphin/hio/hio.c,libs/dolphin,7574,337,0,0
libs/dolphin/src/dolphin/mcc/fio.c,libs/dolphin,27893,1097,0,0
libs/dolphin/src/dolphin/mcc/mcc.c,libs/dolphin,40097,1429,0,0
libs/dolphin/src/dolphin/mcc/tty.c,libs/dolphin,7032,264,0,0
libs/dolphin/src/dolphin/mix/mix.c,libs/dolphin,27299,788,0,0
libs/dolphin/src/dolphin/mtx/mtx.c,libs/dolphin,29953,1076,13,0
libs/dolphin/src/dolphin/mtx/mtx44.c,libs/dolphin,2916,105,0,0
libs/dolphin/src/dolphin/mtx/mtxstack.c,libs/dolphin,4779,136,0,0
libs/dolphin/src/dolphin/mtx/mtxvec.c,libs/dolphin,5997,193,3,0
libs/dolphin/src/dolphin/mtx/psmtx.c,libs/dolphin,10094,361,5,0
libs/dolphin/src/dolphin/mtx/vec.c,libs/dolphin,8276,306,10,0
libs/dolphin/src/dolphin/odemustubs/odemustubs.c,libs/dolphin,366,31,0,0
libs/dolphin/src/dolphin/odenotstub/odenotstub.c,libs/dolphin,6723,316,0,0
libs/dolphin/src/dolphin/os/__os.h,libs/dolphin,3777,120,2,0
libs/dolphin/src/dolphin/os/init/__ppc_eabi_init.c,libs/dolphin,1539,83,2,0
libs/dolphin/src/dolphin/os/init/__start.c,libs/dolphin,4217,201,2,0
libs/dolphin/src/dolphin/os/OS.c,libs/dolphin,15901,516,7,0
libs/dolphin/src/dolphin/os/OSAddress.c,libs/dolphin,1686,57,0,0
libs/dolphin/src/dolphin/os/OSAlarm.c,libs/dolphin,7168,260,1,0
libs/dolphin/src/dolphin/os/OSAlloc.c,libs/dolphin,23392,706,0,0
libs/dolphin/src/dolphin/os/OSArena.c,libs/dolphin,1430,60,0,0
libs/dolphin/src/dolphin/os/OSAudioSystem.c,libs/dolphin,3966,121,0,0
libs/dolphin/src/dolphin/os/OSCache.c,libs/dolphin,13395,685,33,0
libs/dolphin/src/dolphin/os/OSContext.c,libs/dolphin,19638,671,13,0
libs/dolphin/src/dolphin/os/OSError.c,libs/dolphin,3651,114,0,0
libs/dolphin/src/dolphin/os/OSExi.c,libs/dolphin,19766,747,0,0
libs/dolphin/src/dolphin/os/OSExiAd16.c,libs/dolphin,1819,91,0,0
libs/dolphin/src/dolphin/os/OSFont.c,libs/dolphin,20311,521,0,0
libs/dolphin/src/dolphin/os/OSInterrupt.c,libs/dolphin,15783,554,5,0
libs/dolphin/src/dolphin/os/OSLink.c,libs/dolphin,14355,394,0,0
libs/dolphin/src/dolphin/os/OSMemory.c,libs/dolphin,3815,174,3,0
libs/dolphin/src/dolphin/os/OSMessage.c,libs/dolphin,2077,76,0,0
libs/dolphin/src/dolphin/os/OSMutex.c,libs/dolphin,10028,289,0,0
libs/dolphin/src/dolphin/os/OSReboot.c,libs/dolphin,2936,124,1,0
libs/dolphin/src/dolphin/os/OSReset.c,libs/dolphin,7362,221,2,0
libs/dolphin/src/dolphin/os/OSResetSW.c,libs/dolphin,2296,94,0,0
libs/dolphin/src/dolphin/os/OSRtc.c,libs/dolphin,10134,472,0,0
libs/dolphin/src/dolphin/os/OSSerial.c,libs/dolphin,20136,753,0,0
libs/dolphin/src/dolphin/os/OSStopwatch.c,libs/dolphin,1494,63,0,0
libs/dolphin/src/dolphin/os/OSSync.c,libs/dolphin,745,35,1,0
libs/dolphin/src/dolphin/os/OSThread.c,libs/dolphin,29424,898,0,0
libs/dolphin/src/dolphin/os/OSTime.c,libs/dolphin,5028,226,4,0
libs/dolphin/src/dolphin/os/OSTimer.c,libs/dolphin,3693,152,1,0
libs/dolphin/src/dolphin/os/OSUartExi.c,libs/dolphin,2116,105,0,0
libs/dolphin/src/dolphin/os/time.dolphin.c,libs/dolphin,266,19,0,0
libs/dolphin/src/dolphin/pad/__pad.h,libs/dolphin,234,10,0,0
libs/dolphin/src/dolphin/pad/pad.c,libs/dolphin,32501,1072,0,0
libs/dolphin/src/dolphin/pad/PadClamp.c,libs/dolphin,2459,119,0,0
libs/dolphin/src/dolphin/perf/__perf.h,libs/dolphin,224,14,0,0
libs/dolphin/src/dolphin/perf/perf.c,libs/dolphin,17142,499,0,0
libs/dolphin/src/dolphin/perf/perfdraw.c,libs/dolphin,27434,722,0,0
libs/dolphin/src/dolphin/seq/seq.c,libs/dolphin,13117,464,0,0
libs/dolphin/src/dolphin/stub.c,libs/dolphin,1780,77,0,0
libs/dolphin/src/dolphin/support/HTable.c,libs/dolphin,1848,73,0,0
libs/dolphin/src/dolphin/support/List.c,libs/dolphin,2749,98,0,0
libs/dolphin/src/dolphin/support/string.c,libs/dolphin,1378,74,0,0
libs/dolphin/src/dolphin/support/Tree.c,libs/dolphin,2914,104,0,0
libs/dolphin/src/dolphin/syn/__syn.h,libs/dolphin,1930,60,0,0
libs/dolphin/src/dolphin/syn/syn.c,libs/dolphin,4844,190,0,0
libs/dolphin/src/dolphin/syn/synctrl.c,libs/dolphin,14438,427,0,0
libs/dolphin/src/dolphin/syn/synenv.c,libs/dolphin,6386,196,0,0
libs/dolphin/src/dolphin/syn/synlfo.c,libs/dolphin,2056,52,0,0
libs/dolphin/src/dolphin/syn/synmix.c,libs/dolphin,4445,96,0,0
libs/dolphin/src/dolphin/syn/synpitch.c,libs/dolphin,5325,138,0,0
libs/dolphin/src/dolphin/syn/synsample.c,libs/dolphin,8488,327,0,0
libs/dolphin/src/dolphin/syn/synvoice.c,libs/dolphin,2216,78,0,0
libs/dolphin/src/dolphin/syn/synwt.c,libs/dolphin,604,21,0,0
libs/dolphin/src/dolphin/texPalette/texPalette.c,libs/dolphin,4885,141,0,0
libs/dolphin/src/dolphin/thp/THPDec.c,libs/dolphin,79735,2573,37,0
libs/dolphin/src/dolphin/vi/__vi.h,libs/dolphin,493,26,0,0
libs/dolphin/src/dolphin/vi/gpioexi.c,libs/dolphin,2845,156,0,0
libs/dolphin/src/dolphin/vi/i2c.c,libs/dolphin,1792,90,0,0
libs/dolphin/src/dolphin/vi/initphilips.c,libs/dolphin,1762,52,0,0
libs/dolphin/src/dolphin/vi/vi.c,libs/dolphin,29402,1077,0,0
src/melee/cm/camera.c,src/melee/cm,136291,4588,0,0
src/melee/cm/camera.h,src/melee/cm,7247,168,0,0
src/melee/cm/cmsnap.c,src/melee/cm,1393,58,0,0
src/melee/cm/cmsnap.h,src/melee/cm,279,14,0,0
src/melee/cm/forward.h,src/melee/cm,2556,68,0,0
src/melee/cm/types.h,src/melee/cm,8877,312,0,0
src/melee/db/db.h,src/melee/db,3798,85,0,0
src/melee/db/dballoc.c,src/melee/db,2170,62,0,0
src/melee/db/dbanim.c,src/melee/db,7557,222,0,0
src/melee/db/dbbonus.c,src/melee/db,4859,155,0,0
src/melee/db/dbcamera.c,src/melee/db,20607,630,0,0
src/melee/db/dbcpu.c,src/melee/db,2185,66,0,0
src/melee/db/dbeffect.c,src/melee/db,558,21,0,0
src/melee/db/dberror.c,src/melee/db,2119,81,0,0
src/melee/db/dbinit.c,src/melee/db,7063,253,0,0
src/melee/db/dbinit.h,src/melee/db,245,12,0,0
src/melee/db/dbitem.c,src/melee/db,17866,562,0,0
src/melee/db/dbscreenshot.c,src/melee/db,2375,98,0,0
src/melee/db/dbsound.c,src/melee/db,4705,138,0,0
src/melee/db/dbsound.h,src/melee/db,235,9,0,0
src/melee/ef/efalt.c,src/melee/ef,18270,539,0,0
src/melee/ef/efalt.h,src/melee/ef,193,10,0,0
src/melee/ef/efasync.c,src/melee/ef,52183,1471,0,0
src/melee/ef/efasync.h,src/melee/ef,993,23,0,0
src/melee/ef/efdata.c,src/melee/ef,255,8,0,0
src/melee/ef/efdata.h,src/melee/ef,310,14,0,0
src/melee/ef/eflib.c,src/melee/ef,46071,1506,0,0
src/melee/ef/eflib.h,src/melee/ef,5488,124,0,0
src/melee/ef/efsync.c,src/melee/ef,23916,662,0,0
src/melee/ef/efsync.h,src/melee/ef,167,8,0,0
src/melee/ef/forward.h,src/melee/ef,713,26,0,0
src/melee/ef/inlines.h,src/melee/ef,241,10,0,0
src/melee/ef/types.h,src/melee/ef,4184,116,0,0
src/melee/ft/dobjlist.h,src/melee/ft,796,41,0,0
src/melee/ft/fighter.c,src/melee/ft,99330,3123,0,0
src/melee/ft/fighter.h,src/melee/ft,10217,237,0,0
src/melee/ft/forward.h,src/melee/ft,13993,488,0,0
src/melee/ft/ft_0763.c,src/melee/ft,3080,109,0,0
src/melee/ft/ft_07C1.c,src/melee/ft,6299,203,0,0
src/melee/ft/ft_07C1.h,src/melee/ft,457,14,0,0
src/melee/ft/ft_07C6.c,src/melee/ft,3604,125,0,0
src/melee/ft/ft_07C6.h,src/melee/ft,247,10,0,0
src/melee/ft/ft_0819.c,src/melee/ft,2503,92,0,0
src/melee/ft/ft_0819.h,src/melee/ft,280,11,0,0
src/melee/ft/ft_081B.c,src/melee/ft,35033,1383,0,0
src/melee/ft/ft_081B.h,src/melee/ft,4695,92,0,0
src/melee/ft/ft_084E.c,src/melee/ft,4524,160,0,0
src/melee/ft/ft_084E.h,src/melee/ft,938,25,0,0
src/melee/ft/ft_0877.c,src/melee/ft,9654,470,0,0
src/melee/ft/ft_0877.h,src/melee/ft,2077,49,0,0
src/melee/ft/ft_0881.c,src/melee/ft,12221,390,0,0
src/melee/ft/ft_0881.h,src/melee/ft,1430,33,0,0
src/melee/ft/ft_0892.c,src/melee/ft,6819,265,0,0
src/melee/ft/ft_0892.h,src/melee/ft,992,24,0,0
src/melee/ft/ft_0899.c,src/melee/ft,8599,245,0,0
src/melee/ft/ft_0899.h,src/melee/ft,206,9,0,0
src/melee/ft/ft_08A1.c,src/melee/ft,2887,109,0,0
src/melee/ft/ft_0BEC.c,src/melee/ft,3456,117,0,0
src/melee/ft/ft_0BEC.h,src/melee/ft,415,13,0,0
src/melee/ft/ft_0BEF.c,src/melee/ft,393,16,0,0
src/melee/ft/ft_0BEF.h,src/melee/ft,145,8,0,0
src/melee/ft/ft_0BF0.c,src/melee/ft,2406,83,0,0
src/melee/ft/ft_0BF0.h,src/melee/ft,253,10,0,0
src/melee/ft/ft_0C31.c,src/melee/ft,10590,355,0,0
src/melee/ft/ft_0C31.h,src/melee/ft,1057,24,0,0
src/melee/ft/ft_0C88.c,src/melee/ft,2326,109,0,0
src/melee/ft/ft_0C88.h,src/melee/ft,568,16,0,0
src/melee/ft/ft_0C8C.c,src/melee/ft,3696,152,0,0
src/melee/ft/ft_0C8C.h,src/melee/ft,554,18,0,0
src/melee/ft/ft_0CD1.c,src/melee/ft,1738,71,0,0
src/melee/ft/ft_0CD1.h,src/melee/ft,1777,35,0,0
src/melee/ft/ft_0CD3.c,src/melee/ft,3934,169,0,0
src/melee/ft/ft_0CDD.c,src/melee/ft,2174,90,0,0
src/melee/ft/ft_0CDD.h,src/melee/ft,1800,36,0,0
src/melee/ft/ft_0CDF.c,src/melee/ft,4973,173,0,0
src/melee/ft/ft_0CE3.c,src/melee/ft,9220,273,0,0
src/melee/ft/ft_0D27.c,src/melee/ft,5725,214,0,0
src/melee/ft/ft_0D27.h,src/melee/ft,748,21,0,0
src/melee/ft/ft_0D31.c,src/melee/ft,20350,703,0,0
src/melee/ft/ft_0D31.h,src/melee/ft,1553,34,0,0
src/melee/ft/ft_0D4D.c,src/melee/ft,11679,383,0,0
src/melee/ft/ft_0D4D.h,src/melee/ft,1132,25,0,0
src/melee/ft/ft_0DF0.c,src/melee/ft,4009,134,0,0
src/melee/ft/ft_0DF0.h,src/melee/ft,436,13,0,0
src/melee/ft/ft_0DF1.c,src/melee/ft,4921,225,0,0
src/melee/ft/ft_0DF1.h,src/melee/ft,1031,27,0,0
src/melee/ft/ft_3C61.c,src/melee/ft,3445,251,0,0
src/melee/ft/ft_3C61.h,src/melee/ft,169,8,0,0
src/melee/ft/ftaction.c,src/melee/ft,45371,1429,0,0
src/melee/ft/ftaction.h,src/melee/ft,721,16,0,0
src/melee/ft/ftafterimage.c,src/melee/ft,15072,461,0,0
src/melee/ft/ftafterimage.h,src/melee/ft,209,9,0,0
src/melee/ft/ftanim.c,src/melee/ft,41233,1379,0,0
src/melee/ft/ftanim.h,src/melee/ft,3778,69,0,0
src/melee/ft/ftattacks4combo.c,src/melee/ft,1764,70,0,0
src/melee/ft/ftattacks4combo.h,src/melee/ft,439,13,0,0
src/melee/ft/ftbosslib.c,src/melee/ft,9574,448,0,0
src/melee/ft/ftbosslib.h,src/melee/ft,2043,51,0,0
src/melee/ft/ftcamera.c,src/melee/ft,3711,114,0,0
src/melee/ft/ftcamera.h,src/melee/ft,480,14,0,0
src/melee/ft/ftchangeparam.c,src/melee/ft,10665,250,0,0
src/melee/ft/ftchangeparam.h,src/melee/ft,455,15,0,0
src/melee/ft/ftcliffcommon.c,src/melee/ft,4355,152,0,0
src/melee/ft/ftcliffcommon.h,src/melee/ft,516,14,0,0
src/melee/ft/ftcmdscript.c,src/melee/ft,11801,394,0,0
src/melee/ft/ftcmdscript.h,src/melee/ft,2556,99,0,0
src/melee/ft/ftCo_800C703C.c,src/melee/ft,333,13,0,0
src/melee/ft/ftCo_800C703C.h,src/melee/ft,147,8,0,0
src/melee/ft/ftCo_800C7070.c,src/melee/ft,364,14,0,0
src/melee/ft/ftCo_800C7070.h,src/melee/ft,147,8,0,0
src/melee/ft/ftCo_800C70D0.c,src/melee/ft,917,44,0,0
src/melee/ft/ftCo_800C70D0.h,src/melee/ft,199,9,0,0
src/melee/ft/ftCo_800C7178.c,src/melee/ft,925,44,0,0
src/melee/ft/ftCo_800C7178.h,src/melee/ft,199,9,0,0
src/melee/ft/ftCo_800C7220.c,src/melee/ft,1523,66,0,0
src/melee/ft/ftCo_800C7220.h,src/melee/ft,303,11,0,0
src/melee/ft/ftCo_800C739C.c,src/melee/ft,848,42,0,0
src/melee/ft/ftCo_800C739C.h,src/melee/ft,199,9,0,0
src/melee/ft/ftCo_800C7434.c,src/melee/ft,1474,67,0,0
src/melee/ft/ftCo_800C7434.h,src/melee/ft,361,12,0,0
src/melee/ft/ftCo_800C7590.c,src/melee/ft,2894,100,0,0
src/melee/ft/ftCo_800C7590.h,src/melee/ft,501,14,0,0
src/melee/ft/ftCo_800C78B0.c,src/melee/ft,3560,124,0,0
src/melee/ft/ftCo_800C78B0.h,src/melee/ft,765,19,0,0
src/melee/ft/ftCo_800C7CA0.c,src/melee/ft,5168,185,0,0
src/melee/ft/ftCo_800C7CA0.h,src/melee/ft,662,20,0,0
src/melee/ft/ftcolanim.c,src/melee/ft,5548,219,0,0
src/melee/ft/ftcolanim.h,src/melee/ft,765,22,0,0
src/melee/ft/ftcoll.c,src/melee/ft,106966,3114,0,0
src/melee/ft/ftcoll.h,src/melee/ft,6016,116,0,0
src/melee/ft/ftcommon.c,src/melee/ft,52109,1813,0,0
src/melee/ft/ftcommon.h,src/melee/ft,7913,149,0,0
src/melee/ft/ftcpuattack.c,src/melee/ft,86094,2955,0,0
src/melee/ft/ftcpuattack.h,src/melee/ft,1982,47,0,0
src/melee/ft/ftdata.c,src/melee/ft,53258,1863,0,0
src/melee/ft/ftdata.h,src/melee/ft,3393,74,0,0
src/melee/ft/ftdemo.c,src/melee/ft,5482,164,0,0
src/melee/ft/ftdemo.h,src/melee/ft,643,16,0,0
src/melee/ft/ftdevice.c,src/melee/ft,2679,99,0,0
src/melee/ft/ftdevice.h,src/melee/ft,877,23,0,0
src/melee/ft/ftdrawcommon.c,src/melee/ft,14415,455,0,0
src/melee/ft/ftdrawcommon.h,src/melee/ft,574,17,0,0
src/melee/ft/ftdynamics.c,src/melee/ft,23381,702,0,0
src/melee/ft/ftdynamics.h,src/melee/ft,1341,34,0,0
src/melee/ft/ftlib.c,src/melee/ft,24558,1074,0,0
src/melee/ft/ftlib.h,src/melee/ft,5848,119,0,0
src/melee/ft/ftlipstickswing.c,src/melee/ft,1962,74,0,0
src/melee/ft/ftlipstickswing.h,src/melee/ft,460,13,0,0
src/melee/ft/ftmaterial.c,src/melee/ft,15962,468,0,0
src/melee/ft/ftmaterial.h,src/melee/ft,755,21,0,0
src/melee/ft/ftmetal.c,src/melee/ft,6854,235,0,0
src/melee/ft/ftmetal.h,src/melee/ft,374,12,0,0
src/melee/ft/ftmotionstates.c,src/melee/ft,112871,4028,0,0
src/melee/ft/ftparts.c,src/melee/ft,32777,1070,0,0
src/melee/ft/ftparts.h,src/melee/ft,3677,75,0,0
src/melee/ft/ftstarrodswing.c,src/melee/ft,2066,74,0,0
src/melee/ft/ftstarrodswing.h,src/melee/ft,456,13,0,0
src/melee/ft/ftswing.c,src/melee/ft,2438,99,0,0
src/melee/ft/ftswing.h,src/melee/ft,254,11,0,0
src/melee/ft/ftwaitanim.c,src/melee/ft,3327,105,0,0
src/melee/ft/ftwaitanim.h,src/melee/ft,633,25,0,0
src/melee/ft/ftwalkcommon.c,src/melee/ft,6696,214,0,0
src/melee/ft/ftwalkcommon.h,src/melee/ft,785,18,0,0
src/melee/ft/ftwalljump.c,src/melee/ft,5060,124,0,0
src/melee/ft/ftwalljump.h,src/melee/ft,157,8,0,0
src/melee/ft/inlines.h,src/melee/ft,8501,312,0,0
src/melee/ft/kinds/forward.h,src/melee/ft,78,4,0,0
src/melee/ft/kinds/ftCaptain/forward.h,src/melee/ft,2788,94,0,0
src/melee/ft/kinds/ftCaptain/ftcaptain.c,src/melee/ft,10304,362,0,0
src/melee/ft/kinds/ftCaptain/ftcaptain.h,src/melee/ft,1179,28,0,0
src/melee/ft/kinds/ftCaptain/ftcaptainspecialhi.c,src/melee/ft,9040,304,0,0
src/melee/ft/kinds/ftCaptain/ftcaptainspecialhi.h,src/melee/ft,1232,26,0,0
src/melee/ft/kinds/ftCaptain/ftcaptainspeciallw.c,src/melee/ft,10944,392,0,0
src/melee/ft/kinds/ftCaptain/ftcaptainspeciallw.h,src/melee/ft,1491,30,0,0
src/melee/ft/kinds/ftCaptain/ftcaptainspecialn.c,src/melee/ft,6358,232,0,0
src/melee/ft/kinds/ftCaptain/ftcaptainspecialn.h,src/melee/ft,734,19,0,0
src/melee/ft/kinds/ftCaptain/ftcaptainspecials.c,src/melee/ft,12529,419,0,0
src/melee/ft/kinds/ftCaptain/ftcaptainspecials.h,src/melee/ft,3177,114,0,0
src/melee/ft/kinds/ftCaptain/types.h,src/melee/ft,3470,103,0,0
src/melee/ft/kinds/ftCLink/forward.h,src/melee/ft,247,9,0,0
src/melee/ft/kinds/ftCLink/ftclink.c,src/melee/ft,13524,492,0,0
src/melee/ft/kinds/ftCLink/ftclink.h,src/melee/ft,1761,36,0,0
src/melee/ft/kinds/ftCLink/ftclinkappeals.c,src/melee/ft,1501,61,0,0
src/melee/ft/kinds/ftCLink/ftclinkappeals.h,src/melee/ft,317,11,0,0
src/melee/ft/kinds/ftCLink/inlines.h,src/melee/ft,685,34,0,0
src/melee/ft/kinds/ftCommon/forward.h,src/melee/ft,31780,940,0,0
src/melee/ft/kinds/ftCommon/ftCo_09C4.c,src/melee/ft,711,29,0,0
src/melee/ft/kinds/ftCommon/ftCo_09C4.h,src/melee/ft,178,10,0,0
src/melee/ft/kinds/ftCommon/ftCo_09F4.c,src/melee/ft,3731,129,0,0
src/melee/ft/kinds/ftCommon/ftCo_09F4.h,src/melee/ft,362,14,0,0
src/melee/ft/kinds/ftCommon/ftCo_09F7.c,src/melee/ft,8597,325,0,0
src/melee/ft/kinds/ftCommon/ftCo_09F7.h,src/melee/ft,298,12,0,0
src/melee/ft/kinds/ftCommon/ftCo_0A01.c,src/melee/ft,250353,8759,0,0
src/melee/ft/kinds/ftCommon/ftCo_0A01.h,src/melee/ft,2610,61,0,0
src/melee/ft/kinds/ftCommon/ftCo_0C35.c,src/melee/ft,2947,87,0,0
src/melee/ft/kinds/ftCommon/ftCo_0C35.h,src/melee/ft,253,10,0,0
src/melee/ft/kinds/ftCommon/ftCo_0C60.c,src/melee/ft,469,22,0,0
src/melee/ft/kinds/ftCommon/ftCo_0C60.h,src/melee/ft,232,11,0,0
src/melee/ft/kinds/ftCommon/ftCo_0D67.c,src/melee/ft,355,14,0,0
src/melee/ft/kinds/ftCommon/ftCo_0D72.c,src/melee/ft,424,19,0,0
src/melee/ft/kinds/ftCommon/ftCo_0D8E.c,src/melee/ft,6535,196,0,0
src/melee/ft/kinds/ftCommon/ftCo_0D95.c,src/melee/ft,7207,193,0,0
src/melee/ft/kinds/ftCommon/ftCo_0DC2.c,src/melee/ft,3414,130,0,0
src/melee/ft/kinds/ftCommon/ftCo_AirCatch.c,src/melee/ft,10519,291,0,0
src/melee/ft/kinds/ftCommon/ftCo_AirCatch.h,src/melee/ft,762,20,0,0
src/melee/ft/kinds/ftCommon/ftCo_AppealS.c,src/melee/ft,4052,144,0,0
src/melee/ft/kinds/ftCommon/ftCo_AppealS.h,src/melee/ft,703,20,0,0
src/melee/ft/kinds/ftCommon/ftCo_Attack1.c,src/melee/ft,8372,305,0,0
src/melee/ft/kinds/ftCommon/ftCo_Attack1.h,src/melee/ft,660,18,0,0
src/melee/ft/kinds/ftCommon/ftCo_Attack100.c,src/melee/ft,8904,351,0,0
src/melee/ft/kinds/ftCommon/ftCo_Attack100.h,src/melee/ft,11225,199,0,0
src/melee/ft/kinds/ftCommon/ftCo_AttackAir.c,src/melee/ft,5420,192,0,0
src/melee/ft/kinds/ftCommon/ftCo_AttackAir.h,src/melee/ft,910,21,0,0
src/melee/ft/kinds/ftCommon/ftCo_AttackDash.c,src/melee/ft,2626,102,0,0
src/melee/ft/kinds/ftCommon/ftCo_AttackDash.h,src/melee/ft,498,15,0,0
src/melee/ft/kinds/ftCommon/ftCo_AttackHi3.c,src/melee/ft,1710,69,0,0
src/melee/ft/kinds/ftCommon/ftCo_AttackHi3.h,src/melee/ft,430,14,0,0
src/melee/ft/kinds/ftCommon/ftCo_AttackHi4.c,src/melee/ft,2863,120,0,0
src/melee/ft/kinds/ftCommon/ftCo_AttackHi4.h,src/melee/ft,500,15,0,0
src/melee/ft/kinds/ftCommon/ftCo_AttackLw3.c,src/melee/ft,4623,172,0,0
src/melee/ft/kinds/ftCommon/ftCo_AttackLw3.h,src/melee/ft,430,14,0,0
src/melee/ft/kinds/ftCommon/ftCo_AttackLw4.c,src/melee/ft,2027,85,0,0
src/melee/ft/kinds/ftCommon/ftCo_AttackLw4.h,src/melee/ft,430,14,0,0
src/melee/ft/kinds/ftCommon/ftCo_AttackS3.c,src/melee/ft,3257,110,0,0
src/melee/ft/kinds/ftCommon/ftCo_AttackS3.h,src/melee/ft,425,14,0,0
src/melee/ft/kinds/ftCommon/ftCo_AttackS4.c,src/melee/ft,7506,244,0,0
src/melee/ft/kinds/ftCommon/ftCo_AttackS4.h,src/melee/ft,488,15,0,0
src/melee/ft/kinds/ftCommon/ftCo_Barrel.c,src/melee/ft,3448,125,0,0
src/melee/ft/kinds/ftCommon/ftCo_Barrel.h,src/melee/ft,712,17,0,0
src/melee/ft/kinds/ftCommon/ftCo_BarrelWait.c,src/melee/ft,2295,84,0,0
src/melee/ft/kinds/ftCommon/ftCo_BarrelWait.h,src/melee/ft,571,18,0,0
src/melee/ft/kinds/ftCommon/ftCo_Bury.c,src/melee/ft,11998,429,0,0
src/melee/ft/kinds/ftCommon/ftCo_Bury.h,src/melee/ft,1855,41,0,0
src/melee/ft/kinds/ftCommon/ftCo_BuryWait.c,src/melee/ft,2,1,0,0
src/melee/ft/kinds/ftCommon/ftCo_BuryWait.h,src/melee/ft,56,4,0,0
src/melee/ft/kinds/ftCommon/ftCo_CaptureCaptain.c,src/melee/ft,1378,49,0,0
src/melee/ft/kinds/ftCommon/ftCo_CaptureCaptain.h,src/melee/ft,429,12,0,0
src/melee/ft/kinds/ftCommon/ftCo_CaptureCut.c,src/melee/ft,7471,236,0,0
src/melee/ft/kinds/ftCommon/ftCo_CaptureCut.h,src/melee/ft,417,12,0,0
src/melee/ft/kinds/ftCommon/ftCo_CaptureDamageKoopa.c,src/melee/ft,2298,78,0,0
src/melee/ft/kinds/ftCommon/ftCo_CaptureDamageKoopa.h,src/melee/ft,763,17,0,0
src/melee/ft/kinds/ftCommon/ftCo_CaptureJump.c,src/melee/ft,1907,64,0,0
src/melee/ft/kinds/ftCommon/ftCo_CaptureKirby.c,src/melee/ft,4102,127,0,0
src/melee/ft/kinds/ftCommon/ftCo_CaptureKirby.h,src/melee/ft,552,16,0,0
src/melee/ft/kinds/ftCommon/ftCo_CaptureKoopa.c,src/melee/ft,3437,108,0,0
src/melee/ft/kinds/ftCommon/ftCo_CaptureKoopa.h,src/melee/ft,917,20,0,0
src/melee/ft/kinds/ftCommon/ftCo_CaptureMewtwo.c,src/melee/ft,1385,44,0,0
src/melee/ft/kinds/ftCommon/ftCo_CaptureMewtwo.h,src/melee/ft,241,9,0,0
src/melee/ft/kinds/ftCommon/ftCo_CapturePulled.c,src/melee/ft,10327,380,0,0
src/melee/ft/kinds/ftCommon/ftCo_CapturePulled.h,src/melee/ft,277,9,0,0
src/melee/ft/kinds/ftCommon/ftCo_CaptureWait.c,src/melee/ft,9389,317,0,0
src/melee/ft/kinds/ftCommon/ftCo_CaptureWaitKirby.c,src/melee/ft,3407,113,0,0
src/melee/ft/kinds/ftCommon/ftCo_CaptureWaitKirby.h,src/melee/ft,467,13,0,0
src/melee/ft/kinds/ftCommon/ftCo_CaptureWaitKoopa.c,src/melee/ft,1642,60,0,0
src/melee/ft/kinds/ftCommon/ftCo_CaptureWaitKoopa.h,src/melee/ft,747,17,0,0
src/melee/ft/kinds/ftCommon/ftCo_CaptureYoshi.c,src/melee/ft,1165,38,0,0
src/melee/ft/kinds/ftCommon/ftCo_CaptureYoshi.h,src/melee/ft,459,13,0,0
src/melee/ft/kinds/ftCommon/ftCo_CargoFall.c,src/melee/ft,1089,44,0,0
src/melee/ft/kinds/ftCommon/ftCo_CargoFall.h,src/melee/ft,385,12,0,0
src/melee/ft/kinds/ftCommon/ftCo_CargoJump.c,src/melee/ft,1317,55,0,0
src/melee/ft/kinds/ftCommon/ftCo_CargoJump.h,src/melee/ft,439,13,0,0
src/melee/ft/kinds/ftCommon/ftCo_CargoKneebend.c,src/melee/ft,1526,56,0,0
src/melee/ft/kinds/ftCommon/ftCo_CargoKneebend.h,src/melee/ft,411,12,0,0
src/melee/ft/kinds/ftCommon/ftCo_CargoLanding.c,src/melee/ft,1143,44,0,0
src/melee/ft/kinds/ftCommon/ftCo_CargoLanding.h,src/melee/ft,334,11,0,0
src/melee/ft/kinds/ftCommon/ftCo_CargoThrow.c,src/melee/ft,6239,257,0,0
src/melee/ft/kinds/ftCommon/ftCo_CargoThrow.h,src/melee/ft,1584,31,0,0
src/melee/ft/kinds/ftCommon/ftCo_CargoTurn.c,src/melee/ft,1720,67,0,0
src/melee/ft/kinds/ftCommon/ftCo_CargoTurn.h,src/melee/ft,385,12,0,0
src/melee/ft/kinds/ftCommon/ftCo_CargoWait.c,src/melee/ft,1609,69,0,0
src/melee/ft/kinds/ftCommon/ftCo_CargoWait.h,src/melee/ft,547,15,0,0
src/melee/ft/kinds/ftCommon/ftCo_CargoWalk.c,src/melee/ft,1588,59,0,0
src/melee/ft/kinds/ftCommon/ftCo_CargoWalk.h,src/melee/ft,385,12,0,0
src/melee/ft/kinds/ftCommon/ftCo_Catch.c,src/melee/ft,4507,191,0,0
src/melee/ft/kinds/ftCommon/ftCo_CatchAttack.c,src/melee/ft,1543,62,0,0
src/melee/ft/kinds/ftCommon/ftCo_CatchCut.c,src/melee/ft,1517,53,0,0
src/melee/ft/kinds/ftCommon/ftCo_CatchPull.c,src/melee/ft,5727,218,0,0
src/melee/ft/kinds/ftCommon/ftCo_CatchPull.h,src/melee/ft,197,8,0,0
src/melee/ft/kinds/ftCommon/ftCo_CatchWait.c,src/melee/ft,2879,104,0,0
src/melee/ft/kinds/ftCommon/ftCo_CliffAttack.c,src/melee/ft,1871,83,0,0
src/melee/ft/kinds/ftCommon/ftCo_CliffAttack.h,src/melee/ft,501,14,0,0
src/melee/ft/kinds/ftCommon/ftCo_CliffClimb.c,src/melee/ft,3919,135,0,0
src/melee/ft/kinds/ftCommon/ftCo_CliffClimb.h,src/melee/ft,389,12,0,0
src/melee/ft/kinds/ftCommon/ftCo_CliffEscape.c,src/melee/ft,942,38,0,0
src/melee/ft/kinds/ftCommon/ftCo_CliffEscape.h,src/melee/ft,393,12,0,0
src/melee/ft/kinds/ftCommon/ftCo_CliffJump.c,src/melee/ft,2990,110,0,0
src/melee/ft/kinds/ftCommon/ftCo_CliffJump.h,src/melee/ft,704,17,0,0
src/melee/ft/kinds/ftCommon/ftCo_CliffWait.c,src/melee/ft,1891,72,0,0
src/melee/ft/kinds/ftCommon/ftCo_CliffWait.h,src/melee/ft,383,11,0,0
src/melee/ft/kinds/ftCommon/ftCo_Damage.c,src/melee/ft,37094,1185,0,0
src/melee/ft/kinds/ftCommon/ftCo_Damage.h,src/melee/ft,2037,40,0,0
src/melee/ft/kinds/ftCommon/ftCo_DamageBind.c,src/melee/ft,2073,80,0,0
src/melee/ft/kinds/ftCommon/ftCo_DamageBind.h,src/melee/ft,443,13,0,0
src/melee/ft/kinds/ftCommon/ftCo_DamageFall.c,src/melee/ft,4043,143,0,0
src/melee/ft/kinds/ftCommon/ftCo_DamageFall.h,src/melee/ft,783,20,0,0
src/melee/ft/kinds/ftCommon/ftCo_DamageIce.c,src/melee/ft,15984,513,0,0
src/melee/ft/kinds/ftCommon/ftCo_DamageIce.h,src/melee/ft,936,21,0,0
src/melee/ft/kinds/ftCommon/ftCo_DamageScrew.c,src/melee/ft,1844,77,0,0
src/melee/ft/kinds/ftCommon/ftCo_DamageScrew.h,src/melee/ft,464,13,0,0
src/melee/ft/kinds/ftCommon/ftCo_DamageSong.c,src/melee/ft,3302,139,0,0
src/melee/ft/kinds/ftCommon/ftCo_DamageSong.h,src/melee/ft,961,21,0,0
src/melee/ft/kinds/ftCommon/ftCo_Dash.c,src/melee/ft,4836,166,0,0
src/melee/ft/kinds/ftCommon/ftCo_Dash.h,src/melee/ft,438,13,0,0
src/melee/ft/kinds/ftCommon/ftCo_DemoCallback0.c,src/melee/ft,427,17,0,0
src/melee/ft/kinds/ftCommon/ftCo_DemoCallback0.h,src/melee/ft,145,8,0,0
src/melee/ft/kinds/ftCommon/ftCo_Down.c,src/melee/ft,2610,101,0,0
src/melee/ft/kinds/ftCommon/ftCo_Down.h,src/melee/ft,426,13,0,0
src/melee/ft/kinds/ftCommon/ftCo_DownAttack.c,src/melee/ft,2751,106,0,0
src/melee/ft/kinds/ftCommon/ftCo_DownAttack.h,src/melee/ft,763,19,0,0
src/melee/ft/kinds/ftCommon/ftCo_DownBound.c,src/melee/ft,9473,329,0,0
src/melee/ft/kinds/ftCommon/ftCo_DownBound.h,src/melee/ft,1005,24,0,0
src/melee/ft/kinds/ftCommon/ftCo_DownDamage.c,src/melee/ft,2946,101,0,0
src/melee/ft/kinds/ftCommon/ftCo_DownDamage.h,src/melee/ft,389,12,0,0
src/melee/ft/kinds/ftCommon/ftCo_DownSpot.c,src/melee/ft,1076,47,0,0
src/melee/ft/kinds/ftCommon/ftCo_DownSpot.h,src/melee/ft,387,12,0,0
src/melee/ft/kinds/ftCommon/ftCo_DownStand.c,src/melee/ft,1389,58,0,0
src/melee/ft/kinds/ftCommon/ftCo_DownStand.h,src/melee/ft,456,13,0,0
src/melee/ft/kinds/ftCommon/ftCo_Escape.c,src/melee/ft,7153,278,0,0
src/melee/ft/kinds/ftCommon/ftCo_Escape.h,src/melee/ft,765,18,0,0
src/melee/ft/kinds/ftCommon/ftCo_EscapeAir.c,src/melee/ft,3064,117,0,0
src/melee/ft/kinds/ftCommon/ftCo_EscapeAir.h,src/melee/ft,444,13,0,0
src/melee/ft/kinds/ftCommon/ftCo_Fall.c,src/melee/ft,5529,211,0,0
src/melee/ft/kinds/ftCommon/ftCo_Fall.h,src/melee/ft,770,18,0,0
src/melee/ft/kinds/ftCommon/ftCo_FallAerial.c,src/melee/ft,949,35,0,0
src/melee/ft/kinds/ftCommon/ftCo_FallAerial.h,src/melee/ft,336,11,0,0
src/melee/ft/kinds/ftCommon/ftCo_FallSpecial.c,src/melee/ft,5222,157,0,0
src/melee/ft/kinds/ftCommon/ftCo_FallSpecial.h,src/melee/ft,824,19,0,0
src/melee/ft/kinds/ftCommon/ftCo_FlyReflect.c,src/melee/ft,7603,269,0,0
src/melee/ft/kinds/ftCommon/ftCo_FlyReflect.h,src/melee/ft,708,20,0,0
src/melee/ft/kinds/ftCommon/ftCo_Furafura.c,src/melee/ft,1456,55,0,0
src/melee/ft/kinds/ftCommon/ftCo_Furafura.h,src/melee/ft,379,11,0,0
src/melee/ft/kinds/ftCommon/ftCo_Guard.c,src/melee/ft,32724,1089,0,0
src/melee/ft/kinds/ftCommon/ftCo_Guard.h,src/melee/ft,2311,46,0,0
src/melee/ft/kinds/ftCommon/ftCo_HammerFall.c,src/melee/ft,2000,82,0,0
src/melee/ft/kinds/ftCommon/ftCo_HammerFall.h,src/melee/ft,497,14,0,0
src/melee/ft/kinds/ftCommon/ftCo_HammerJump.c,src/melee/ft,1222,53,0,0
src/melee/ft/kinds/ftCommon/ftCo_HammerJump.h,src/melee/ft,443,13,0,0
src/melee/ft/kinds/ftCommon/ftCo_HammerKneeBend.c,src/melee/ft,1277,49,0,0
src/melee/ft/kinds/ftCommon/ftCo_HammerKneeBend.h,src/melee/ft,413,12,0,0
src/melee/ft/kinds/ftCommon/ftCo_HammerLanding.c,src/melee/ft,1122,44,0,0
src/melee/ft/kinds/ftCommon/ftCo_HammerLanding.h,src/melee/ft,412,12,0,0
src/melee/ft/kinds/ftCommon/ftCo_HammerTurn.c,src/melee/ft,1932,73,0,0
src/melee/ft/kinds/ftCommon/ftCo_HammerTurn.h,src/melee/ft,389,12,0,0
src/melee/ft/kinds/ftCommon/ftCo_HammerWait.c,src/melee/ft,5400,232,0,0
src/melee/ft/kinds/ftCommon/ftCo_HammerWait.h,src/melee/ft,1103,26,0,0
src/melee/ft/kinds/ftCommon/ftCo_HammerWalk.c,src/melee/ft,1748,70,0,0
src/melee/ft/kinds/ftCommon/ftCo_HammerWalk.h,src/melee/ft,389,12,0,0
src/melee/ft/kinds/ftCommon/ftCo_ItemParasolDamageFall.c,src/melee/ft,947,37,0,0
src/melee/ft/kinds/ftCommon/ftCo_ItemParasolDamageFall.h,src/melee/ft,475,12,0,0
src/melee/ft/kinds/ftCommon/ftCo_ItemParasolFall.c,src/melee/ft,1508,56,0,0
src/melee/ft/kinds/ftCommon/ftCo_ItemParasolFall.h,src/melee/ft,439,12,0,0
src/melee/ft/kinds/ftCommon/ftCo_ItemParasolFallSpecial.c,src/melee/ft,1393,52,0,0
src/melee/ft/kinds/ftCommon/ftCo_ItemParasolFallSpecial.h,src/melee/ft,481,12,0,0
src/melee/ft/kinds/ftCommon/ftCo_ItemParasolOpen.c,src/melee/ft,3945,130,0,0
src/melee/ft/kinds/ftCommon/ftCo_ItemParasolOpen.h,src/melee/ft,550,14,0,0
src/melee/ft/kinds/ftCommon/ftCo_ItemScope.c,src/melee/ft,2313,90,0,0
src/melee/ft/kinds/ftCommon/ftCo_ItemScopeFire.c,src/melee/ft,4745,167,0,0
src/melee/ft/kinds/ftCommon/ftCo_ItemScopeFire.h,src/melee/ft,205,8,0,0
src/melee/ft/kinds/ftCommon/ftCo_ItemScopeRapid.c,src/melee/ft,5567,185,0,0
src/melee/ft/kinds/ftCommon/ftCo_ItemScopeRapid.h,src/melee/ft,120,4,0,0
src/melee/ft/kinds/ftCommon/ftCo_ItemScopeStart.c,src/melee/ft,5888,226,0,0
src/melee/ft/kinds/ftCommon/ftCo_ItemScopeStart.h,src/melee/ft,223,8,0,0
src/melee/ft/kinds/ftCommon/ftCo_ItemScrew.c,src/melee/ft,1902,84,0,0
src/melee/ft/kinds/ftCommon/ftCo_ItemScrew.h,src/melee/ft,711,17,0,0
src/melee/ft/kinds/ftCommon/ftCo_ItemThrow.c,src/melee/ft,21096,691,0,0
src/melee/ft/kinds/ftCommon/ftCo_ItemThrow.h,src/melee/ft,1430,30,0,0
src/melee/ft/kinds/ftCommon/ftCo_Jump.c,src/melee/ft,5559,211,0,0
src/melee/ft/kinds/ftCommon/ftCo_Jump.h,src/melee/ft,772,19,0,0
src/melee/ft/kinds/ftCommon/ftCo_JumpAerial.c,src/melee/ft,9628,331,0,0
src/melee/ft/kinds/ftCommon/ftCo_JumpAerial.h,src/melee/ft,1076,23,0,0
src/melee/ft/kinds/ftCommon/ftCo_JumpAerialF1.c,src/melee/ft,3877,149,0,0
src/melee/ft/kinds/ftCommon/ftCo_KinokoGiantEnd.c,src/melee/ft,3328,123,0,0
src/melee/ft/kinds/ftCommon/ftCo_KinokoGiantEnd.h,src/melee/ft,653,16,0,0
src/melee/ft/kinds/ftCommon/ftCo_KinokoGiantStart.c,src/melee/ft,4306,158,0,0
src/melee/ft/kinds/ftCommon/ftCo_KinokoGiantStart.h,src/melee/ft,663,16,0,0
src/melee/ft/kinds/ftCommon/ftCo_KinokoSmallEnd.c,src/melee/ft,3329,124,0,0
src/melee/ft/kinds/ftCommon/ftCo_KinokoSmallEnd.h,src/melee/ft,660,16,0,0
src/melee/ft/kinds/ftCommon/ftCo_KinokoSmallStart.c,src/melee/ft,4054,152,0,0
src/melee/ft/kinds/ftCommon/ftCo_KinokoSmallStart.h,src/melee/ft,664,16,0,0
src/melee/ft/kinds/ftCommon/ftCo_KneeBend.c,src/melee/ft,2115,76,0,0
src/melee/ft/kinds/ftCommon/ftCo_KneeBend.h,src/melee/ft,568,15,0,0
src/melee/ft/kinds/ftCommon/ftCo_Landing.c,src/melee/ft,4724,160,0,0
src/melee/ft/kinds/ftCommon/ftCo_Landing.h,src/melee/ft,911,19,0,0
src/melee/ft/kinds/ftCommon/ftCo_LandingAir.c,src/melee/ft,2331,83,0,0
src/melee/ft/kinds/ftCommon/ftCo_LandingAir.h,src/melee/ft,557,14,0,0
src/melee/ft/kinds/ftCommon/ftCo_Lift.c,src/melee/ft,5302,209,0,0
src/melee/ft/kinds/ftCommon/ftCo_Lift.h,src/melee/ft,1231,27,0,0
src/melee/ft/kinds/ftCommon/ftCo_MissFoot.c,src/melee/ft,954,43,0,0
src/melee/ft/kinds/ftCommon/ftCo_MissFoot.h,src/melee/ft,381,12,0,0
src/melee/ft/kinds/ftCommon/ftCo_Ottotto.c,src/melee/ft,4650,161,0,0
src/melee/ft/kinds/ftCommon/ftCo_Ottotto.h,src/melee/ft,625,16,0,0
src/melee/ft/kinds/ftCommon/ftCo_Pass.c,src/melee/ft,3233,128,0,0
src/melee/ft/kinds/ftCommon/ftCo_Pass.h,src/melee/ft,717,17,0,0
src/melee/ft/kinds/ftCommon/ftCo_Passive.c,src/melee/ft,1233,50,0,0
src/melee/ft/kinds/ftCommon/ftCo_Passive.h,src/melee/ft,377,12,0,0
src/melee/ft/kinds/ftCommon/ftCo_PassiveCeil.c,src/melee/ft,2446,85,0,0
src/melee/ft/kinds/ftCommon/ftCo_PassiveCeil.h,src/melee/ft,447,13,0,0
src/melee/ft/kinds/ftCommon/ftCo_PassiveStand.c,src/melee/ft,1773,66,0,0
src/melee/ft/kinds/ftCommon/ftCo_PassiveStand.h,src/melee/ft,397,12,0,0
src/melee/ft/kinds/ftCommon/ftCo_PassiveWall.c,src/melee/ft,6601,201,0,0
src/melee/ft/kinds/ftCommon/ftCo_PassiveWall.h,src/melee/ft,654,18,0,0
src/melee/ft/kinds/ftCommon/ftCo_Rebound.c,src/melee/ft,1695,67,0,0
src/melee/ft/kinds/ftCommon/ftCo_Rebound.h,src/melee/ft,439,13,0,0
src/melee/ft/kinds/ftCommon/ftCo_Run.c,src/melee/ft,4010,153,0,0
src/melee/ft/kinds/ftCommon/ftCo_Run.h,src/melee/ft,606,16,0,0
src/melee/ft/kinds/ftCommon/ftCo_RunBrake.c,src/melee/ft,2705,102,0,0
src/melee/ft/kinds/ftCommon/ftCo_RunBrake.h,src/melee/ft,452,13,0,0
src/melee/ft/kinds/ftCommon/ftCo_RunDirect.c,src/melee/ft,1343,57,0,0
src/melee/ft/kinds/ftCommon/ftCo_RunDirect.h,src/melee/ft,331,11,0,0
src/melee/ft/kinds/ftCommon/ftCo_ShieldBreakDown.c,src/melee/ft,1405,52,0,0
src/melee/ft/kinds/ftCommon/ftCo_ShieldBreakDown.h,src/melee/ft,407,11,0,0
src/melee/ft/kinds/ftCommon/ftCo_ShieldBreakFall.c,src/melee/ft,1021,37,0,0
src/melee/ft/kinds/ftCommon/ftCo_ShieldBreakFall.h,src/melee/ft,409,12,0,0
src/melee/ft/kinds/ftCommon/ftCo_ShieldBreakFly.c,src/melee/ft,1527,61,0,0
src/melee/ft/kinds/ftCommon/ftCo_ShieldBreakFly.h,src/melee/ft,457,12,0,0
src/melee/ft/kinds/ftCommon/ftCo_ShieldBreakStand.c,src/melee/ft,1127,42,0,0
src/melee/ft/kinds/ftCommon/ftCo_ShieldBreakStand.h,src/melee/ft,411,11,0,0
src/melee/ft/kinds/ftCommon/ftCo_Shouldered.c,src/melee/ft,4412,138,0,0
src/melee/ft/kinds/ftCommon/ftCo_Shouldered.h,src/melee/ft,453,13,0,0
src/melee/ft/kinds/ftCommon/ftCo_SpecialAir.c,src/melee/ft,1852,57,0,0
src/melee/ft/kinds/ftCommon/ftCo_SpecialAir.h,src/melee/ft,158,8,0,0
src/melee/ft/kinds/ftCommon/ftCo_SpecialS.c,src/melee/ft,1250,49,0,0
src/melee/ft/kinds/ftCommon/ftCo_SpecialS.h,src/melee/ft,212,9,0,0
src/melee/ft/kinds/ftCommon/ftCo_Squat.c,src/melee/ft,3091,125,0,0
src/melee/ft/kinds/ftCommon/ftCo_Squat.h,src/melee/ft,493,14,0,0
src/melee/ft/kinds/ftCommon/ftCo_SquatRv.c,src/melee/ft,2056,80,0,0
src/melee/ft/kinds/ftCommon/ftCo_SquatRv.h,src/melee/ft,401,12,0,0
src/melee/ft/kinds/ftCommon/ftCo_SquatWait.c,src/melee/ft,3249,122,0,0
src/melee/ft/kinds/ftCommon/ftCo_SquatWait.h,src/melee/ft,469,13,0,0
src/melee/ft/kinds/ftCommon/ftCo_StopCeil.c,src/melee/ft,1632,62,0,0
src/melee/ft/kinds/ftCommon/ftCo_StopCeil.h,src/melee/ft,381,12,0,0
src/melee/ft/kinds/ftCommon/ftCo_StopWall.c,src/melee/ft,2014,73,0,0
src/melee/ft/kinds/ftCommon/ftCo_StopWall.h,src/melee/ft,381,12,0,0
src/melee/ft/kinds/ftCommon/ftCo_Throw.c,src/melee/ft,17351,617,0,0
src/melee/ft/kinds/ftCommon/ftCo_Throw.h,src/melee/ft,2162,42,0,0
src/melee/ft/kinds/ftCommon/ftCo_Thrown.c,src/melee/ft,6204,225,0,0
src/melee/ft/kinds/ftCommon/ftCo_Thrown.h,src/melee/ft,1630,33,0,0
src/melee/ft/kinds/ftCommon/ftCo_ThrownKirby.c,src/melee/ft,10537,332,0,0
src/melee/ft/kinds/ftCommon/ftCo_ThrownKirby.h,src/melee/ft,1533,32,0,0
src/melee/ft/kinds/ftCommon/ftCo_ThrownKoopa.c,src/melee/ft,2180,74,0,0
src/melee/ft/kinds/ftCommon/ftCo_ThrownKoopa.h,src/melee/ft,1265,25,0,0
src/melee/ft/kinds/ftCommon/ftCo_ThrownMewtwo.c,src/melee/ft,1248,44,0,0
src/melee/ft/kinds/ftCommon/ftCo_ThrownMewtwo.h,src/melee/ft,678,16,0,0
src/melee/ft/kinds/ftCommon/ftCo_Turn.c,src/melee/ft,5106,189,0,0
src/melee/ft/kinds/ftCommon/ftCo_Turn.h,src/melee/ft,795,19,0,0
src/melee/ft/kinds/ftCommon/ftCo_TurnRun.c,src/melee/ft,4017,139,0,0
src/melee/ft/kinds/ftCommon/ftCo_TurnRun.h,src/melee/ft,504,14,0,0
src/melee/ft/kinds/ftCommon/ftCo_Wait.c,src/melee/ft,2208,78,0,0
src/melee/ft/kinds/ftCommon/ftCo_Wait.h,src/melee/ft,333,13,0,0
src/melee/ft/kinds/ftCommon/ftCo_Walk.c,src/melee/ft,3146,114,0,0
src/melee/ft/kinds/ftCommon/ftCo_Walk.h,src/melee/ft,507,14,0,0
src/melee/ft/kinds/ftCommon/ftCo_WarpStar.c,src/melee/ft,7220,234,0,0
src/melee/ft/kinds/ftCommon/ftCo_WarpStar.h,src/melee/ft,773,18,0,0
src/melee/ft/kinds/ftCommon/ftCo_YoshiEgg.c,src/melee/ft,6660,206,0,0
src/melee/ft/kinds/ftCommon/ftCo_YoshiEgg.h,src/melee/ft,617,16,0,0
src/melee/ft/kinds/ftCommon/ftpickupitem.c,src/melee/ft,13676,420,0,0
src/melee/ft/kinds/ftCommon/ftpickupitem.h,src/melee/ft,931,20,0,0
src/melee/ft/kinds/ftCommon/inlines.h,src/melee/ft,4075,124,0,0
src/melee/ft/kinds/ftCommon/types.h,src/melee/ft,15130,467,0,0
src/melee/ft/kinds/ftCrazyHand/forward.h,src/melee/ft,1627,65,0,0
src/melee/ft/kinds/ftCrazyHand/ftcrazyhand.c,src/melee/ft,17423,653,0,0
src/melee/ft/kinds/ftCrazyHand/ftcrazyhand.h,src/melee/ft,677,19,0,0
src/melee/ft/kinds/ftCrazyHand/ftcrazyhandbackairplane1.c,src/melee/ft,2098,77,0,0
src/melee/ft/kinds/ftCrazyHand/ftcrazyhandbackairplane1.h,src/melee/ft,396,12,0,0
src/melee/ft/kinds/ftCrazyHand/ftcrazyhandbackairplane2.c,src/melee/ft,1780,63,0,0
src/melee/ft/kinds/ftCrazyHand/ftcrazyhandbackairplane2.h,src/melee/ft,396,12,0,0
src/melee/ft/kinds/ftCrazyHand/ftcrazyhandbackairplane3.c,src/melee/ft,1692,61,0,0
src/melee/ft/kinds/ftCrazyHand/ftcrazyhandbackairplane3.h,src/melee/ft,396,12,0,0
src/melee/ft/kinds/ftCrazyHand/ftcrazyhandbackcrush.c,src/melee/ft,1086,43,0,0
src/melee/ft/kinds/ftCrazyHand/ftcrazyhandbackcrush.h,src/melee/ft,398,12,0,0
src/melee/ft/kinds/ftCrazyHand/ftcrazyhandbackdisappear.c,src/melee/ft,1600,58,0,0
src/melee/ft/kinds/ftCrazyHand/ftcrazyhandbackdisappear.h,src/melee/ft,389,12,0,0
src/melee/ft/kinds/ftCrazyHand/ftcrazyhandcancel.c,src/melee/ft,1419,54,0,0
src/melee/ft/kinds/ftCrazyHand/ftcrazyhandcancel.h,src/melee/ft,368,12,0,0
src/melee/ft/kinds/ftCrazyHand/ftcrazyhandcapturecrazyhand.c,src/melee/ft,1267,42,0,0
src/melee/ft/kinds/ftCrazyHand/ftcrazyhandcapturecrazyhand.h,src/melee/ft,418,12,0,0
src/melee/ft/kinds/ftCrazyHand/ftcrazyhandcapturedamagecrazyhand.c,src/melee/ft,1165,40,0,0
src/melee/ft/kinds/ftCrazyHand/ftcrazyhandcapturedamagecrazyhand.h,src/melee/ft,436,12,0,0
src/melee/ft/kinds/ftCrazyHand/ftcrazyhandcapturewaitcrazyhand.c,src/melee/ft,1015,37,0,0
src/melee/ft/kinds/ftCrazyHand/ftcrazyhandcapturewaitcrazyhand.h,src/melee/ft,487,13,0,0
src/melee/ft/kinds/ftCrazyHand/ftcrazyhanddamage0.c,src/melee/ft,3553,128,0,0
src/melee/ft/kinds/ftCrazyHand/ftcrazyhanddamage0.h,src/melee/ft,946,23,0,0
src/melee/ft/kinds/ftCrazyHand/ftcrazyhanddrill.c,src/melee/ft,1471,58,0,0
src/melee/ft/kinds/ftCrazyHand/ftcrazyhanddrill.h,src/melee/ft,357,12,0,0
src/melee/ft/kinds/ftCrazyHand/ftcrazyhandentry.c,src/melee/ft,1186,48,0,0
src/melee/ft/kinds/ftCrazyHand/ftcrazyhandentry.h,src/melee/ft,357,12,0,0
src/melee/ft/kinds/ftCrazyHand/ftcrazyhandfingerbeam.c,src/melee/ft,6689,250,0,0
src/melee/ft/kinds/ftCrazyHand/ftcrazyhandfingerbeam.h,src/melee/ft,1257,27,0,0
src/melee/ft/kinds/ftCrazyHand/ftcrazyhandfingerbeam0.c,src/melee/ft,2857,96,0,0
src/melee/ft/kinds/ftCrazyHand/ftcrazyhandfingerbeam0.h,src/melee/ft,397,12,0,0
src/melee/ft/kinds/ftCrazyHand/ftcrazyhandfingergun2.c,src/melee/ft,2106,79,0,0
src/melee/ft/kinds/ftCrazyHand/ftcrazyhandfingergun2.h,src/melee/ft,447,13,0,0
src/melee/ft/kinds/ftCrazyHand/ftcrazyhandgrab.c,src/melee/ft,1011,43,0,0
src/melee/ft/kinds/ftCrazyHand/ftcrazyhandgrab.h,src/melee/ft,360,12,0,0
src/melee/ft/kinds/ftCrazyHand/ftcrazyhandgrabunk1b174.c,src/melee/ft,4416,169,0,0
src/melee/ft/kinds/ftCrazyHand/ftcrazyhandgrabunk1b174.h,src/melee/ft,422,12,0,0
src/melee/ft/kinds/ftCrazyHand/ftcrazyhandpoke.c,src/melee/ft,4544,161,0,0
src/melee/ft/kinds/ftCrazyHand/ftcrazyhandpoke.h,src/melee/ft,848,21,0,0
src/melee/ft/kinds/ftCrazyHand/ftcrazyhandrockcrush0.c,src/melee/ft,3700,132,0,0
src/melee/ft/kinds/ftCrazyHand/ftcrazyhandrockcrush0.h,src/melee/ft,448,13,0,0
src/melee/ft/kinds/ftCrazyHand/ftcrazyhandrockcrush1.c,src/melee/ft,1500,59,0,0
src/melee/ft/kinds/ftCrazyHand/ftcrazyhandrockcrush1.h,src/melee/ft,389,12,0,0
src/melee/ft/kinds/ftCrazyHand/ftcrazyhandslam.c,src/melee/ft,3351,138,0,0
src/melee/ft/kinds/ftCrazyHand/ftcrazyhandslam.h,src/melee/ft,1016,24,0,0
src/melee/ft/kinds/ftCrazyHand/ftcrazyhandsqueeze.c,src/melee/ft,1402,56,0,0
src/melee/ft/kinds/ftCrazyHand/ftcrazyhandsqueeze.h,src/melee/ft,372,12,0,0
src/melee/ft/kinds/ftCrazyHand/ftcrazyhandsqueezing0.c,src/melee/ft,1220,48,0,0
src/melee/ft/kinds/ftCrazyHand/ftcrazyhandsqueezing0.h,src/melee/ft,384,12,0,0
src/melee/ft/kinds/ftCrazyHand/ftcrazyhandsqueezing1.c,src/melee/ft,1228,48,0,0
src/melee/ft/kinds/ftCrazyHand/ftcrazyhandsqueezing1.h,src/melee/ft,384,12,0,0
src/melee/ft/kinds/ftCrazyHand/ftcrazyhandsweep.c,src/melee/ft,1037,43,0,0
src/melee/ft/kinds/ftCrazyHand/ftcrazyhandsweep.h,src/melee/ft,373,12,0,0
src/melee/ft/kinds/ftCrazyHand/ftcrazyhandsweepwait.c,src/melee/ft,3034,125,0,0
src/melee/ft/kinds/ftCrazyHand/ftcrazyhandsweepwait.h,src/melee/ft,843,21,0,0
src/melee/ft/kinds/ftCrazyHand/ftcrazyhandtagcancel.c,src/melee/ft,2852,99,0,0
src/melee/ft/kinds/ftCrazyHand/ftcrazyhandtagcancel.h,src/melee/ft,491,15,0,0
src/melee/ft/kinds/ftCrazyHand/ftcrazyhandtaggrab.c,src/melee/ft,3815,126,0,0
src/melee/ft/kinds/ftCrazyHand/ftcrazyhandtaggrab.h,src/melee/ft,433,13,0,0
src/melee/ft/kinds/ftCrazyHand/ftcrazyhandtagrockpaper.c,src/melee/ft,1178,43,0,0
src/melee/ft/kinds/ftCrazyHand/ftcrazyhandtagrockpaper.h,src/melee/ft,385,12,0,0
src/melee/ft/kinds/ftCrazyHand/ftcrazyhandthrow.c,src/melee/ft,1392,56,0,0
src/melee/ft/kinds/ftCrazyHand/ftcrazyhandthrow.h,src/melee/ft,364,12,0,0
src/melee/ft/kinds/ftCrazyHand/ftcrazyhandthrowncrazyhand.c,src/melee/ft,999,33,0,0
src/melee/ft/kinds/ftCrazyHand/ftcrazyhandthrowncrazyhand.h,src/melee/ft,456,13,0,0
src/melee/ft/kinds/ftCrazyHand/ftcrazyhandwait10.c,src/melee/ft,15744,438,0,0
src/melee/ft/kinds/ftCrazyHand/ftcrazyhandwait10.h,src/melee/ft,482,14,0,0
src/melee/ft/kinds/ftCrazyHand/ftcrazyhandwait11.c,src/melee/ft,3133,116,0,0
src/melee/ft/kinds/ftCrazyHand/ftcrazyhandwait11.h,src/melee/ft,365,12,0,0
src/melee/ft/kinds/ftCrazyHand/ftcrazyhandwalk.c,src/melee/ft,3004,119,0,0
src/melee/ft/kinds/ftCrazyHand/ftcrazyhandwalk.h,src/melee/ft,923,22,0,0
src/melee/ft/kinds/ftCrazyHand/inlines.h,src/melee/ft,529,17,0,0
src/melee/ft/kinds/ftCrazyHand/types.h,src/melee/ft,1357,81,0,0
src/melee/ft/kinds/ftDonkey/forward.h,src/melee/ft,6171,197,0,0
src/melee/ft/kinds/ftDonkey/ftdonkey.c,src/melee/ft,19828,680,0,0
src/melee/ft/kinds/ftDonkey/ftdonkey.h,src/melee/ft,1303,28,0,0
src/melee/ft/kinds/ftDonkey/ftdonkeyheavyfall.c,src/melee/ft,1285,53,0,0
src/melee/ft/kinds/ftDonkey/ftdonkeyheavyfall.h,src/melee/ft,383,12,0,0
src/melee/ft/kinds/ftDonkey/ftdonkeyheavyjump.c,src/melee/ft,1293,48,0,0
src/melee/ft/kinds/ftDonkey/ftdonkeyheavyjump.h,src/melee/ft,393,12,0,0
src/melee/ft/kinds/ftDonkey/ftdonkeyheavylanding.c,src/melee/ft,2120,92,0,0
src/melee/ft/kinds/ftDonkey/ftdonkeyheavylanding.h,src/melee/ft,447,13,0,0
src/melee/ft/kinds/ftDonkey/ftdonkeyheavyturn.c,src/melee/ft,1353,54,0,0
src/melee/ft/kinds/ftDonkey/ftdonkeyheavyturn.h,src/melee/ft,382,12,0,0
src/melee/ft/kinds/ftDonkey/ftdonkeyheavywait0.c,src/melee/ft,1384,59,0,0
src/melee/ft/kinds/ftDonkey/ftdonkeyheavywait0.h,src/melee/ft,507,14,0,0
src/melee/ft/kinds/ftDonkey/ftdonkeyheavywait1.c,src/melee/ft,1274,48,0,0
src/melee/ft/kinds/ftDonkey/ftdonkeyheavywait1.h,src/melee/ft,388,12,0,0
src/melee/ft/kinds/ftDonkey/ftdonkeyheavywalk.c,src/melee/ft,1409,56,0,0
src/melee/ft/kinds/ftDonkey/ftdonkeyheavywalk.h,src/melee/ft,325,11,0,0
src/melee/ft/kinds/ftDonkey/ftdonkeyms3450.c,src/melee/ft,647,26,0,0
src/melee/ft/kinds/ftDonkey/ftdonkeyms3450.h,src/melee/ft,158,8,0,0
src/melee/ft/kinds/ftDonkey/ftdonkeyspecialhi.c,src/melee/ft,5595,169,0,0
src/melee/ft/kinds/ftDonkey/ftdonkeyspecialhi.h,src/melee/ft,747,18,0,0
src/melee/ft/kinds/ftDonkey/ftdonkeyspeciallw.c,src/melee/ft,4246,187,0,0
src/melee/ft/kinds/ftDonkey/ftdonkeyspeciallw.h,src/melee/ft,1242,26,0,0
src/melee/ft/kinds/ftDonkey/ftdonkeyspecialn.c,src/melee/ft,17024,567,0,0
src/melee/ft/kinds/ftDonkey/ftdonkeyspecialn.h,src/melee/ft,2768,51,0,0
src/melee/ft/kinds/ftDonkey/ftdonkeyspecials.c,src/melee/ft,3494,128,0,0
src/melee/ft/kinds/ftDonkey/ftdonkeyspecials.h,src/melee/ft,668,17,0,0
src/melee/ft/kinds/ftDonkey/types.h,src/melee/ft,2359,102,0,0
src/melee/ft/kinds/ftDrMario/forward.h,src/melee/ft,253,9,0,0
src/melee/ft/kinds/ftDrMario/ftdrmario.c,src/melee/ft,8518,323,0,0
src/melee/ft/kinds/ftDrMario/ftdrmario.h,src/melee/ft,1443,31,0,0
src/melee/ft/kinds/ftDrMario/ftdrmarioappeals.c,src/melee/ft,2004,76,0,0
src/melee/ft/kinds/ftDrMario/ftdrmarioappeals.h,src/melee/ft,317,11,0,0
src/melee/ft/kinds/ftDrMario/types.h,src/melee/ft,290,15,0,0
src/melee/ft/kinds/ftEmblem/ftemblem.c,src/melee/ft,13108,454,0,0
src/melee/ft/kinds/ftEmblem/ftemblem.h,src/melee/ft,1113,26,0,0
src/melee/ft/kinds/ftFalco/ftfalco.c,src/melee/ft,14658,503,0,0
src/melee/ft/kinds/ftFalco/ftfalco.h,src/melee/ft,1155,28,0,0
src/melee/ft/kinds/ftFox/forward.h,src/melee/ft,4296,143,0,0
src/melee/ft/kinds/ftFox/ftfox.c,src/melee/ft,14944,524,0,0
src/melee/ft/kinds/ftFox/ftfox.h,src/melee/ft,1363,31,0,0
src/melee/ft/kinds/ftFox/ftfoxappeals.c,src/melee/ft,4033,169,0,0
src/melee/ft/kinds/ftFox/ftfoxappeals.h,src/melee/ft,935,30,0,0
src/melee/ft/kinds/ftFox/ftfoxspecialhi.c,src/melee/ft,21729,775,0,0
src/melee/ft/kinds/ftFox/ftfoxspecialhi.h,src/melee/ft,4293,96,0,0
src/melee/ft/kinds/ftFox/ftfoxspeciallw.c,src/melee/ft,24543,923,0,0
src/melee/ft/kinds/ftFox/ftfoxspeciallw.h,src/melee/ft,5254,114,0,0
src/melee/ft/kinds/ftFox/ftfoxspecialn.c,src/melee/ft,20416,679,0,0
src/melee/ft/kinds/ftFox/ftfoxspecialn.h,src/melee/ft,2548,52,0,0
src/melee/ft/kinds/ftFox/ftfoxspecials.c,src/melee/ft,16533,605,0,0
src/melee/ft/kinds/ftFox/ftfoxspecials.h,src/melee/ft,2684,52,0,0
src/melee/ft/kinds/ftFox/inlines.h,src/melee/ft,399,16,0,0
src/melee/ft/kinds/ftFox/types.h,src/melee/ft,5466,151,0,0
src/melee/ft/kinds/ftGameWatch/forward.h,src/melee/ft,4766,157,0,0
src/melee/ft/kinds/ftGameWatch/ftgamewatch.c,src/melee/ft,19153,653,0,0
src/melee/ft/kinds/ftGameWatch/ftgamewatch.h,src/melee/ft,1477,31,0,0
src/melee/ft/kinds/ftGameWatch/ftgamewatchattack100.c,src/melee/ft,3313,128,0,0
src/melee/ft/kinds/ftGameWatch/ftgamewatchattack100.h,src/melee/ft,1074,24,0,0
src/melee/ft/kinds/ftGameWatch/ftgamewatchattack11.c,src/melee/ft,5836,202,0,0
src/melee/ft/kinds/ftGameWatch/ftgamewatchattack11.h,src/melee/ft,1012,22,0,0
src/melee/ft/kinds/ftGameWatch/ftgamewatchattackair.c,src/melee/ft,18289,697,0,0
src/melee/ft/kinds/ftGameWatch/ftgamewatchattackair.h,src/melee/ft,3014,55,0,0
src/melee/ft/kinds/ftGameWatch/ftgamewatchattacklw3.c,src/melee/ft,5958,200,0,0
src/melee/ft/kinds/ftGameWatch/ftgamewatchattacklw3.h,src/melee/ft,735,20,0,0
src/melee/ft/kinds/ftGameWatch/ftgamewatchattacks4.c,src/melee/ft,3869,157,0,0
src/melee/ft/kinds/ftGameWatch/ftgamewatchattacks4.h,src/melee/ft,821,20,0,0
src/melee/ft/kinds/ftGameWatch/ftgamewatchspecialhi.c,src/melee/ft,8054,275,0,0
src/melee/ft/kinds/ftGameWatch/ftgamewatchspecialhi.h,src/melee/ft,1009,23,0,0
src/melee/ft/kinds/ftGameWatch/ftgamewatchspeciallw.c,src/melee/ft,20633,731,0,0
src/melee/ft/kinds/ftGameWatch/ftgamewatchspeciallw.h,src/melee/ft,3073,54,0,0
src/melee/ft/kinds/ftGameWatch/ftgamewatchspecialn.c,src/melee/ft,10029,332,0,0
src/melee/ft/kinds/ftGameWatch/ftgamewatchspecialn.h,src/melee/ft,1058,24,0,0
src/melee/ft/kinds/ftGameWatch/ftgamewatchspecials.c,src/melee/ft,10296,359,0,0
src/melee/ft/kinds/ftGameWatch/ftgamewatchspecials.h,src/melee/ft,1100,26,0,0
src/melee/ft/kinds/ftGameWatch/types.h,src/melee/ft,4273,136,0,0
src/melee/ft/kinds/ftGanon/ftganon.c,src/melee/ft,9568,354,0,0
src/melee/ft/kinds/ftGanon/ftganon.h,src/melee/ft,1194,28,0,0
src/melee/ft/kinds/ftGigaKoopa/ftgkoopa.c,src/melee/ft,10554,391,0,0
src/melee/ft/kinds/ftGigaKoopa/ftgkoopa.h,src/melee/ft,1392,32,0,0
src/melee/ft/kinds/ftKirby/forward.h,src/melee/ft,21536,695,0,0
src/melee/ft/kinds/ftKirby/ftkirby.c,src/melee/ft,122953,4121,0,0
src/melee/ft/kinds/ftKirby/ftkirby.h,src/melee/ft,33061,533,0,0
src/melee/ft/kinds/ftKirby/ftkirbyattackdash.c,src/melee/ft,2394,96,0,0
src/melee/ft/kinds/ftKirby/ftkirbyattackdash.h,src/melee/ft,723,17,0,0
src/melee/ft/kinds/ftKirby/ftkirbycaptureyoshi.c,src/melee/ft,1452,49,0,0
src/melee/ft/kinds/ftKirby/ftkirbycaptureyoshi.h,src/melee/ft,490,13,0,0
src/melee/ft/kinds/ftKirby/ftkirbydata.c,src/melee/ft,10655,248,0,0
src/melee/ft/kinds/ftKirby/ftkirbyspecialcaptain.c,src/melee/ft,7057,245,0,0
src/melee/ft/kinds/ftKirby/ftkirbyspecialdonkey.c,src/melee/ft,19081,608,0,0
src/melee/ft/kinds/ftKirby/ftkirbyspecialdonkey.h,src/melee/ft,9298,148,0,0
src/melee/ft/kinds/ftKirby/ftkirbyspecialfox.c,src/melee/ft,20789,754,0,0
src/melee/ft/kinds/ftKirby/ftkirbyspecialgamewatch.c,src/melee/ft,10014,328,0,0
src/melee/ft/kinds/ftKirby/ftkirbyspecialgamewatch.h,src/melee/ft,1307,26,0,0
src/melee/ft/kinds/ftKirby/ftkirbyspecialhi.c,src/melee/ft,16865,542,0,0
src/melee/ft/kinds/ftKirby/ftkirbyspecialhi.h,src/melee/ft,2292,42,0,0
src/melee/ft/kinds/ftKirby/ftkirbyspecialiceclimber.c,src/melee/ft,6215,215,0,0
src/melee/ft/kinds/ftKirby/ftkirbyspecialiceclimber.h,src/melee/ft,946,21,0,0
src/melee/ft/kinds/ftKirby/ftkirbyspecialkoopa.c,src/melee/ft,17133,559,0,0
src/melee/ft/kinds/ftKirby/ftkirbyspeciallink.c,src/melee/ft,26316,880,0,0
src/melee/ft/kinds/ftKirby/ftkirbyspecialluigi.c,src/melee/ft,3299,119,0,0
src/melee/ft/kinds/ftKirby/ftkirbyspeciallw.c,src/melee/ft,31160,893,0,0
src/melee/ft/kinds/ftKirby/ftkirbyspecialmario.c,src/melee/ft,5541,216,0,0
src/melee/ft/kinds/ftKirby/ftkirbyspecialmars.c,src/melee/ft,17137,597,0,0
src/melee/ft/kinds/ftKirby/ftkirbyspecialmars.h,src/melee/ft,2569,47,0,0
src/melee/ft/kinds/ftKirby/ftkirbyspecialmewtwo.c,src/melee/ft,29459,975,0,0
src/melee/ft/kinds/ftKirby/ftkirbyspecialmewtwo.h,src/melee/ft,3528,58,0,0
src/melee/ft/kinds/ftKirby/ftkirbyspecialn.c,src/melee/ft,50454,1742,0,0
src/melee/ft/kinds/ftKirby/ftkirbyspecialness.c,src/melee/ft,13786,424,0,0
src/melee/ft/kinds/ftKirby/ftkirbyspecialpeach.c,src/melee/ft,11157,394,0,0
src/melee/ft/kinds/ftKirby/ftkirbyspecialpeach.h,src/melee/ft,1846,34,0,0
src/melee/ft/kinds/ftKirby/ftkirbyspecialpikachu.c,src/melee/ft,7544,231,0,0
src/melee/ft/kinds/ftKirby/ftkirbyspecialpikachu.h,src/melee/ft,721,17,0,0
src/melee/ft/kinds/ftKirby/ftkirbyspecialpurin.c,src/melee/ft,46785,1353,0,0
src/melee/ft/kinds/ftKirby/ftkirbyspecialpurin.h,src/melee/ft,4023,67,0,0
src/melee/ft/kinds/ftKirby/ftkirbyspecials.c,src/melee/ft,5907,211,0,0
src/melee/ft/kinds/ftKirby/ftkirbyspecialsamus.c,src/melee/ft,13928,498,0,0
src/melee/ft/kinds/ftKirby/ftkirbyspecialseak.c,src/melee/ft,14584,504,0,0
src/melee/ft/kinds/ftKirby/ftkirbyspecialyoshi.c,src/melee/ft,24006,778,0,0
src/melee/ft/kinds/ftKirby/ftkirbyspecialzelda.c,src/melee/ft,6229,230,0,0
src/melee/ft/kinds/ftKirby/ftkirbyspecialzelda.h,src/melee/ft,721,17,0,0
src/melee/ft/kinds/ftKirby/ftkirbyyoshiegg.c,src/melee/ft,6205,191,0,0
src/melee/ft/kinds/ftKirby/ftkirbyyoshiegg.h,src/melee/ft,686,17,0,0
src/melee/ft/kinds/ftKirby/inlines.h,src/melee/ft,557,21,0,0
src/melee/ft/kinds/ftKirby/types.h,src/melee/ft,16963,423,0,0
src/melee/ft/kinds/ftKoopa/forward.h,src/melee/ft,2817,93,0,0
src/melee/ft/kinds/ftKoopa/ftkoopa.c,src/melee/ft,12528,461,0,0
src/melee/ft/kinds/ftKoopa/ftkoopa.h,src/melee/ft,1379,30,0,0
src/melee/ft/kinds/ftKoopa/ftkoopaspecialhi.c,src/melee/ft,7220,220,0,0
src/melee/ft/kinds/ftKoopa/ftkoopaspecialhi.h,src/melee/ft,730,17,0,0
src/melee/ft/kinds/ftKoopa/ftkoopaspeciallw.c,src/melee/ft,4443,168,0,0
src/melee/ft/kinds/ftKoopa/ftkoopaspeciallw.h,src/melee/ft,936,20,0,0
src/melee/ft/kinds/ftKoopa/ftkoopaspecialn.c,src/melee/ft,13545,452,0,0
src/melee/ft/kinds/ftKoopa/ftkoopaspecialn.h,src/melee/ft,2100,40,0,0
src/melee/ft/kinds/ftKoopa/ftkoopaspecials.c,src/melee/ft,18202,676,0,0
src/melee/ft/kinds/ftKoopa/ftkoopaspecials.h,src/melee/ft,3613,62,0,0
src/melee/ft/kinds/ftKoopa/types.h,src/melee/ft,1837,90,0,0
src/melee/ft/kinds/ftLink/forward.h,src/melee/ft,3866,122,0,0
src/melee/ft/kinds/ftLink/ftlink.c,src/melee/ft,12187,435,0,0
src/melee/ft/kinds/ftLink/ftlink.h,src/melee/ft,1615,35,0,0
src/melee/ft/kinds/ftLink/ftlinkattackair.c,src/melee/ft,2842,93,0,0
src/melee/ft/kinds/ftLink/ftlinkattackair.h,src/melee/ft,280,10,0,0
src/melee/ft/kinds/ftLink/ftlinkspecialhi.c,src/melee/ft,4707,165,0,0
src/melee/ft/kinds/ftLink/ftlinkspecialhi.h,src/melee/ft,1161,30,0,0
src/melee/ft/kinds/ftLink/ftlinkspeciallw.c,src/melee/ft,3850,138,0,0
src/melee/ft/kinds/ftLink/ftlinkspeciallw.h,src/melee/ft,563,15,0,0
src/melee/ft/kinds/ftLink/ftlinkspecialn.c,src/melee/ft,17402,587,0,0
src/melee/ft/kinds/ftLink/ftlinkspecialn.h,src/melee/ft,2321,43,0,0
src/melee/ft/kinds/ftLink/ftlinkspecials.c,src/melee/ft,11975,442,0,0
src/melee/ft/kinds/ftLink/ftlinkspecials.h,src/melee/ft,1810,37,0,0
src/melee/ft/kinds/ftLink/types.h,src/melee/ft,2400,89,0,0
src/melee/ft/kinds/ftLuigi/forward.h,src/melee/ft,2475,83,0,0
src/melee/ft/kinds/ftLuigi/ftluigi.c,src/melee/ft,9722,360,0,0
src/melee/ft/kinds/ftLuigi/ftluigi.h,src/melee/ft,1418,31,0,0
src/melee/ft/kinds/ftLuigi/ftluigispecialhi.c,src/melee/ft,8307,272,0,0
src/melee/ft/kinds/ftLuigi/ftluigispecialhi.h,src/melee/ft,800,20,0,0
src/melee/ft/kinds/ftLuigi/ftluigispeciallw.c,src/melee/ft,9778,319,0,0
src/melee/ft/kinds/ftLuigi/ftluigispeciallw.h,src/melee/ft,796,20,0,0
src/melee/ft/kinds/ftLuigi/ftluigispecialn.c,src/melee/ft,4061,150,0,0
src/melee/ft/kinds/ftLuigi/ftluigispecialn.h,src/melee/ft,782,20,0,0
src/melee/ft/kinds/ftLuigi/ftluigispecials.c,src/melee/ft,23677,813,0,0
src/melee/ft/kinds/ftLuigi/ftluigispecials.h,src/melee/ft,4433,79,0,0
src/melee/ft/kinds/ftLuigi/types.h,src/melee/ft,3204,88,0,0
src/melee/ft/kinds/ftMario/forward.h,src/melee/ft,1813,60,0,0
src/melee/ft/kinds/ftMario/ftmario.c,src/melee/ft,6080,262,0,0
src/melee/ft/kinds/ftMario/ftmario.h,src/melee/ft,1208,28,0,0
src/melee/ft/kinds/ftMario/ftmariospecialhi.c,src/melee/ft,4171,153,0,0
src/melee/ft/kinds/ftMario/ftmariospecialhi.h,src/melee/ft,742,18,0,0
src/melee/ft/kinds/ftMario/ftmariospeciallw.c,src/melee/ft,8638,314,0,0
src/melee/ft/kinds/ftMario/ftmariospeciallw.h,src/melee/ft,678,17,0,0
src/melee/ft/kinds/ftMario/ftmariospecialn.c,src/melee/ft,4755,188,0,0
src/melee/ft/kinds/ftMario/ftmariospecialn.h,src/melee/ft,922,21,0,0
src/melee/ft/kinds/ftMario/ftmariospecials.c,src/melee/ft,7655,302,0,0
src/melee/ft/kinds/ftMario/ftmariospecials.h,src/melee/ft,1166,25,0,0
src/melee/ft/kinds/ftMario/ftmariostrings.c,src/melee/ft,1898,44,0,0
src/melee/ft/kinds/ftMario/ftmariostrings.h,src/melee/ft,223,9,0,0
src/melee/ft/kinds/ftMario/inlines.h,src/melee/ft,310,13,0,0
src/melee/ft/kinds/ftMario/types.h,src/melee/ft,2491,93,0,0
src/melee/ft/kinds/ftMars/forward.h,src/melee/ft,3155,108,0,0
src/melee/ft/kinds/ftMars/ftmars.c,src/melee/ft,14706,530,0,0
src/melee/ft/kinds/ftMars/ftmars.h,src/melee/ft,1434,32,0,0
src/melee/ft/kinds/ftMars/ftmarsspecialhi.c,src/melee/ft,7342,256,0,0
src/melee/ft/kinds/ftMars/ftmarsspecialhi.h,src/melee/ft,738,18,0,0
src/melee/ft/kinds/ftMars/ftmarsspeciallw.c,src/melee/ft,8382,344,0,0
src/melee/ft/kinds/ftMars/ftmarsspeciallw.h,src/melee/ft,1462,30,0,0
src/melee/ft/kinds/ftMars/ftmarsspecialn.c,src/melee/ft,10656,380,0,0
src/melee/ft/kinds/ftMars/ftmarsspecialn.h,src/melee/ft,2392,43,0,0
src/melee/ft/kinds/ftMars/ftmarsspecials.c,src/melee/ft,14199,591,0,0
src/melee/ft/kinds/ftMars/ftmarsspecials.h,src/melee/ft,1832,37,0,0
src/melee/ft/kinds/ftMars/types.h,src/melee/ft,1480,81,0,0
src/melee/ft/kinds/ftMasterHand/forward.h,src/melee/ft,3245,132,0,0
src/melee/ft/kinds/ftMasterHand/ftmasterhand.c,src/melee/ft,17660,655,0,0
src/melee/ft/kinds/ftMasterHand/ftmasterhand.h,src/melee/ft,717,19,0,0
src/melee/ft/kinds/ftMasterHand/ftmasterhandbackairplane1.c,src/melee/ft,1502,63,0,0
src/melee/ft/kinds/ftMasterHand/ftmasterhandbackairplane1.h,src/melee/ft,401,12,0,0
src/melee/ft/kinds/ftMasterHand/ftmasterhandbackairplane2.c,src/melee/ft,1088,38,0,0
src/melee/ft/kinds/ftMasterHand/ftmasterhandbackairplane2.h,src/melee/ft,338,11,0,0
src/melee/ft/kinds/ftMasterHand/ftmasterhandbackairplane3.c,src/melee/ft,1908,76,0,0
src/melee/ft/kinds/ftMasterHand/ftmasterhandbackairplane3.h,src/melee/ft,589,17,0,0
src/melee/ft/kinds/ftMasterHand/ftmasterhandbackcrush0.c,src/melee/ft,3096,119,0,0
src/melee/ft/kinds/ftMasterHand/ftmasterhandbackcrush0.h,src/melee/ft,407,14,0,0
src/melee/ft/kinds/ftMasterHand/ftmasterhandbackcrush1.c,src/melee/ft,523,19,0,0
src/melee/ft/kinds/ftMasterHand/ftmasterhandbackcrush1.h,src/melee/ft,229,9,0,0
src/melee/ft/kinds/ftMasterHand/ftmasterhandbackdisappear.c,src/melee/ft,7024,269,0,0
src/melee/ft/kinds/ftMasterHand/ftmasterhandbackdisappear.h,src/melee/ft,1462,32,0,0
src/melee/ft/kinds/ftMasterHand/ftmasterhandcapturedamagemasterhand.c,src/melee/ft,782,27,0,0
src/melee/ft/kinds/ftMasterHand/ftmasterhandcapturedamagemasterhand.h,src/melee/ft,455,12,0,0
src/melee/ft/kinds/ftMasterHand/ftmasterhandcapturemasterhand.c,src/melee/ft,1311,44,0,0
src/melee/ft/kinds/ftMasterHand/ftmasterhandcapturemasterhand.h,src/melee/ft,425,12,0,0
src/melee/ft/kinds/ftMasterHand/ftmasterhanddamage0.c,src/melee/ft,3475,113,0,0
src/melee/ft/kinds/ftMasterHand/ftmasterhanddamage0.h,src/melee/ft,377,15,0,0
src/melee/ft/kinds/ftMasterHand/ftmasterhanddrill.c,src/melee/ft,1693,74,0,0
src/melee/ft/kinds/ftMasterHand/ftmasterhanddrill.h,src/melee/ft,559,17,0,0
src/melee/ft/kinds/ftMasterHand/ftmasterhandentry.c,src/melee/ft,4572,159,0,0
src/melee/ft/kinds/ftMasterHand/ftmasterhandentry.h,src/melee/ft,366,12,0,0
src/melee/ft/kinds/ftMasterHand/ftmasterhandfingerbeam.c,src/melee/ft,4233,140,0,0
src/melee/ft/kinds/ftMasterHand/ftmasterhandfingerbeam.h,src/melee/ft,842,21,0,0
src/melee/ft/kinds/ftMasterHand/ftmasterhandfingergun.c,src/melee/ft,7238,275,0,0
src/melee/ft/kinds/ftMasterHand/ftmasterhandfingergun.h,src/melee/ft,1025,23,0,0
src/melee/ft/kinds/ftMasterHand/ftmasterhandfingergun3.c,src/melee/ft,928,40,0,0
src/melee/ft/kinds/ftMasterHand/ftmasterhandfingergun3.h,src/melee/ft,386,12,0,0
src/melee/ft/kinds/ftMasterHand/ftmasterhandpapercrush.c,src/melee/ft,1778,73,0,0
src/melee/ft/kinds/ftMasterHand/ftmasterhandpapercrush.h,src/melee/ft,600,17,0,0
src/melee/ft/kinds/ftMasterHand/ftmasterhandpoke.c,src/melee/ft,3813,136,0,0
src/melee/ft/kinds/ftMasterHand/ftmasterhandpoke.h,src/melee/ft,423,13,0,0
src/melee/ft/kinds/ftMasterHand/ftmasterhandrockcrush.c,src/melee/ft,2446,93,0,0
src/melee/ft/kinds/ftMasterHand/ftmasterhandrockcrush.h,src/melee/ft,821,21,0,0
src/melee/ft/kinds/ftMasterHand/ftmasterhandslam.c,src/melee/ft,1888,67,0,0
src/melee/ft/kinds/ftMasterHand/ftmasterhandslam.h,src/melee/ft,407,14,0,0
src/melee/ft/kinds/ftMasterHand/ftmasterhandslap.c,src/melee/ft,1096,46,0,0
src/melee/ft/kinds/ftMasterHand/ftmasterhandslap.h,src/melee/ft,362,12,0,0
src/melee/ft/kinds/ftMasterHand/ftmasterhandsqueeze.c,src/melee/ft,2015,77,0,0
src/melee/ft/kinds/ftMasterHand/ftmasterhandsqueeze.h,src/melee/ft,374,12,0,0
src/melee/ft/kinds/ftMasterHand/ftmasterhandsqueezing.c,src/melee/ft,2239,80,0,0
src/melee/ft/kinds/ftMasterHand/ftmasterhandsqueezing.h,src/melee/ft,434,13,0,0
src/melee/ft/kinds/ftMasterHand/ftmasterhandsweep.c,src/melee/ft,2771,109,0,0
src/melee/ft/kinds/ftMasterHand/ftmasterhandsweep.h,src/melee/ft,822,20,0,0
src/melee/ft/kinds/ftMasterHand/ftmasterhandsweepwait.c,src/melee/ft,932,43,0,0
src/melee/ft/kinds/ftMasterHand/ftmasterhandsweepwait.h,src/melee/ft,382,12,0,0
src/melee/ft/kinds/ftMasterHand/ftmasterhandtagapplaud.c,src/melee/ft,1593,60,0,0
src/melee/ft/kinds/ftMasterHand/ftmasterhandtagapplaud.h,src/melee/ft,431,14,0,0
src/melee/ft/kinds/ftMasterHand/ftmasterhandtagcancel.c,src/melee/ft,1276,43,0,0
src/melee/ft/kinds/ftMasterHand/ftmasterhandtagcancel.h,src/melee/ft,175,8,0,0
src/melee/ft/kinds/ftMasterHand/ftmasterhandtagcrush.c,src/melee/ft,1412,55,0,0
src/melee/ft/kinds/ftMasterHand/ftmasterhandtagcrush.h,src/melee/ft,423,14,0,0
src/melee/ft/kinds/ftMasterHand/ftmasterhandtagrockpaper.c,src/melee/ft,4665,187,0,0
src/melee/ft/kinds/ftMasterHand/ftmasterhandtagrockpaper.h,src/melee/ft,1221,27,0,0
src/melee/ft/kinds/ftMasterHand/ftmasterhandthrow.c,src/melee/ft,760,33,0,0
src/melee/ft/kinds/ftMasterHand/ftmasterhandthrow.h,src/melee/ft,314,11,0,0
src/melee/ft/kinds/ftMasterHand/ftmasterhandthrownmasterhand.c,src/melee/ft,1499,50,0,0
src/melee/ft/kinds/ftMasterHand/ftmasterhandthrownmasterhand.h,src/melee/ft,834,18,0,0
src/melee/ft/kinds/ftMasterHand/ftmasterhandwait10.c,src/melee/ft,17554,484,0,0
src/melee/ft/kinds/ftMasterHand/ftmasterhandwait10.h,src/melee/ft,602,16,0,0
src/melee/ft/kinds/ftMasterHand/ftmasterhandwait11.c,src/melee/ft,983,31,0,0
src/melee/ft/kinds/ftMasterHand/ftmasterhandwait11.h,src/melee/ft,215,9,0,0
src/melee/ft/kinds/ftMasterHand/ftmasterhandwait12.c,src/melee/ft,2831,98,0,0
src/melee/ft/kinds/ftMasterHand/ftmasterhandwait12.h,src/melee/ft,541,16,0,0
src/melee/ft/kinds/ftMasterHand/ftmasterhandwalk.c,src/melee/ft,3965,159,0,0
src/melee/ft/kinds/ftMasterHand/ftmasterhandwalk.h,src/melee/ft,947,24,0,0
src/melee/ft/kinds/ftMasterHand/inlines.h,src/melee/ft,537,17,0,0
src/melee/ft/kinds/ftMasterHand/types.h,src/melee/ft,3966,189,0,0
src/melee/ft/kinds/ftMewtwo/forward.h,src/melee/ft,2937,95,0,0
src/melee/ft/kinds/ftMewtwo/ftmewtwo.c,src/melee/ft,10508,359,0,0
src/melee/ft/kinds/ftMewtwo/ftmewtwo.h,src/melee/ft,1380,31,0,0
src/melee/ft/kinds/ftMewtwo/ftmewtwospecialhi.c,src/melee/ft,18924,653,0,0
src/melee/ft/kinds/ftMewtwo/ftmewtwospecialhi.h,src/melee/ft,2505,47,0,0
src/melee/ft/kinds/ftMewtwo/ftmewtwospeciallw.c,src/melee/ft,6469,233,0,0
src/melee/ft/kinds/ftMewtwo/ftmewtwospeciallw.h,src/melee/ft,1069,24,0,0
src/melee/ft/kinds/ftMewtwo/ftmewtwospecialn.c,src/melee/ft,35847,1164,0,0
src/melee/ft/kinds/ftMewtwo/ftmewtwospecialn.h,src/melee/ft,3445,63,0,0
src/melee/ft/kinds/ftMewtwo/ftmewtwospecials.c,src/melee/ft,8034,295,0,0
src/melee/ft/kinds/ftMewtwo/ftmewtwospecials.h,src/melee/ft,982,23,0,0
src/melee/ft/kinds/ftMewtwo/types.h,src/melee/ft,3157,95,0,0
src/melee/ft/kinds/ftNana/ftnana.c,src/melee/ft,12494,431,0,0
src/melee/ft/kinds/ftNana/ftnana.h,src/melee/ft,2672,52,0,0
src/melee/ft/kinds/ftNana/ftnanaspecialhi.c,src/melee/ft,8399,282,0,0
src/melee/ft/kinds/ftNana/ftnanaspecialhi.h,src/melee/ft,209,9,0,0
src/melee/ft/kinds/ftNana/ftnanaspecials.c,src/melee/ft,12176,363,0,0
src/melee/ft/kinds/ftNess/forward.h,src/melee/ft,4368,137,0,0
src/melee/ft/kinds/ftNess/ftness.c,src/melee/ft,15920,533,0,0
src/melee/ft/kinds/ftNess/ftness.h,src/melee/ft,1514,40,0,0
src/melee/ft/kinds/ftNess/ftnessattackhi4.c,src/melee/ft,27772,939,0,0
src/melee/ft/kinds/ftNess/ftnessattackhi4.h,src/melee/ft,3272,91,0,0
src/melee/ft/kinds/ftNess/ftnessattacklw4.c,src/melee/ft,6705,235,0,0
src/melee/ft/kinds/ftNess/ftnessattacklw4.h,src/melee/ft,1058,24,0,0
src/melee/ft/kinds/ftNess/ftnessattacks4.c,src/melee/ft,4080,157,0,0
src/melee/ft/kinds/ftNess/ftnessattacks4.h,src/melee/ft,684,18,0,0
src/melee/ft/kinds/ftNess/ftnessspecialhi.c,src/melee/ft,44450,1457,0,0
src/melee/ft/kinds/ftNess/ftnessspecialhi.h,src/melee/ft,3124,59,0,0
src/melee/ft/kinds/ftNess/ftnessspeciallw.c,src/melee/ft,29534,1034,0,0
src/melee/ft/kinds/ftNess/ftnessspeciallw.h,src/melee/ft,3826,69,0,0
src/melee/ft/kinds/ftNess/ftnessspecialn.c,src/melee/ft,17910,653,0,0
src/melee/ft/kinds/ftNess/ftnessspecialn.h,src/melee/ft,1976,40,0,0
src/melee/ft/kinds/ftNess/ftnessspecials.c,src/melee/ft,4498,158,0,0
src/melee/ft/kinds/ftNess/ftnessspecials.h,src/melee/ft,666,18,0,0
src/melee/ft/kinds/ftNess/types.h,src/melee/ft,7832,180,0,0
src/melee/ft/kinds/ftPeach/forward.h,src/melee/ft,3872,124,0,0
src/melee/ft/kinds/ftPeach/ftpeach.c,src/melee/ft,14733,506,0,0
src/melee/ft/kinds/ftPeach/ftpeach.h,src/melee/ft,1312,30,0,0
src/melee/ft/kinds/ftPeach/ftpeachattacks4.c,src/melee/ft,1359,57,0,0
src/melee/ft/kinds/ftPeach/ftpeachattacks4.h,src/melee/ft,377,12,0,0
src/melee/ft/kinds/ftPeach/ftpeachfloat.c,src/melee/ft,3072,115,0,0
src/melee/ft/kinds/ftPeach/ftpeachfloat.h,src/melee/ft,597,18,0,0
src/melee/ft/kinds/ftPeach/ftpeachfloatattack.c,src/melee/ft,2618,96,0,0
src/melee/ft/kinds/ftPeach/ftpeachfloatattack.h,src/melee/ft,428,14,0,0
src/melee/ft/kinds/ftPeach/ftpeachfloatfall.c,src/melee/ft,1544,52,0,0
src/melee/ft/kinds/ftPeach/ftpeachfloatfall.h,src/melee/ft,381,12,0,0
src/melee/ft/kinds/ftPeach/ftpeachspecialhi.c,src/melee/ft,10432,365,0,0
src/melee/ft/kinds/ftPeach/ftpeachspecialhi.h,src/melee/ft,1396,30,0,0
src/melee/ft/kinds/ftPeach/ftpeachspeciallw.c,src/melee/ft,5763,213,0,0
src/melee/ft/kinds/ftPeach/ftpeachspeciallw.h,src/melee/ft,683,17,0,0
src/melee/ft/kinds/ftPeach/ftpeachspecialn.c,src/melee/ft,10578,394,0,0
src/melee/ft/kinds/ftPeach/ftpeachspecialn.h,src/melee/ft,1321,28,0,0
src/melee/ft/kinds/ftPeach/ftpeachspecials.c,src/melee/ft,11096,397,0,0
src/melee/ft/kinds/ftPeach/ftpeachspecials.h,src/melee/ft,1432,29,0,0
src/melee/ft/kinds/ftPeach/types.h,src/melee/ft,2444,83,0,0
src/melee/ft/kinds/ftPichu/ftpichu.c,src/melee/ft,12215,421,0,0
src/melee/ft/kinds/ftPichu/ftpichu.h,src/melee/ft,1225,29,0,0
src/melee/ft/kinds/ftPichu/types.h,src/melee/ft,423,18,0,0
src/melee/ft/kinds/ftPikachu/forward.h,src/melee/ft,3725,122,0,0
src/melee/ft/kinds/ftPikachu/ftpikachu.c,src/melee/ft,12097,425,0,0
src/melee/ft/kinds/ftPikachu/ftpikachu.h,src/melee/ft,1388,31,0,0
src/melee/ft/kinds/ftPikachu/ftpikachuspecialhi.c,src/melee/ft,23359,800,0,0
src/melee/ft/kinds/ftPikachu/ftpikachuspecialhi.h,src/melee/ft,3026,55,0,0
src/melee/ft/kinds/ftPikachu/ftpikachuspeciallw.c,src/melee/ft,10880,407,0,0
src/melee/ft/kinds/ftPikachu/ftpikachuspeciallw.h,src/melee/ft,2677,49,0,0
src/melee/ft/kinds/ftPikachu/ftpikachuspecialn.c,src/melee/ft,6488,221,0,0
src/melee/ft/kinds/ftPikachu/ftpikachuspecialn.h,src/melee/ft,853,20,0,0
src/melee/ft/kinds/ftPikachu/ftpikachuspecials.c,src/melee/ft,12728,514,0,0
src/melee/ft/kinds/ftPikachu/ftpikachuspecials.h,src/melee/ft,3548,63,0,0
src/melee/ft/kinds/ftPikachu/types.h,src/melee/ft,2197,104,0,0
src/melee/ft/kinds/ftPopo/forward.h,src/melee/ft,3209,106,0,0
src/melee/ft/kinds/ftPopo/ftpopo.c,src/melee/ft,12646,444,0,0
src/melee/ft/kinds/ftPopo/ftpopo.h,src/melee/ft,1390,31,0,0
src/melee/ft/kinds/ftPopo/ftpopospecialhi.c,src/melee/ft,24295,887,0,0
src/melee/ft/kinds/ftPopo/ftpopospecialhi.h,src/melee/ft,4100,67,0,0
src/melee/ft/kinds/ftPopo/ftpopospeciallw.c,src/melee/ft,6052,211,0,0
src/melee/ft/kinds/ftPopo/ftpopospeciallw.h,src/melee/ft,812,19,0,0
src/melee/ft/kinds/ftPopo/ftpopospecialn.c,src/melee/ft,4930,185,0,0
src/melee/ft/kinds/ftPopo/ftpopospecialn.h,src/melee/ft,668,17,0,0
src/melee/ft/kinds/ftPopo/ftpopospecials.c,src/melee/ft,21534,692,0,0
src/melee/ft/kinds/ftPopo/ftpopospecials.h,src/melee/ft,1760,34,0,0
src/melee/ft/kinds/ftPopo/types.h,src/melee/ft,2346,111,0,0
src/melee/ft/kinds/ftPurin/forward.h,src/melee/ft,3443,115,0,0
src/melee/ft/kinds/ftPurin/ftpurin.c,src/melee/ft,18368,631,0,0
src/melee/ft/kinds/ftPurin/ftpurin.h,src/melee/ft,1926,41,0,0
src/melee/ft/kinds/ftPurin/ftpurinspecialhi.c,src/melee/ft,4567,167,0,0
src/melee/ft/kinds/ftPurin/ftpurinspecialhi.h,src/melee/ft,858,20,0,0
src/melee/ft/kinds/ftPurin/ftpurinspeciallw.c,src/melee/ft,3206,118,0,0
src/melee/ft/kinds/ftPurin/ftpurinspeciallw.h,src/melee/ft,798,19,0,0
src/melee/ft/kinds/ftPurin/ftpurinspecialn.c,src/melee/ft,47626,1432,0,0
src/melee/ft/kinds/ftPurin/ftpurinspecialn.h,src/melee/ft,4071,71,0,0
src/melee/ft/kinds/ftPurin/ftpurinspecials.c,src/melee/ft,3902,146,0,0
src/melee/ft/kinds/ftPurin/ftpurinspecials.h,src/melee/ft,786,19,0,0
src/melee/ft/kinds/ftPurin/inlines.h,src/melee/ft,1440,44,0,0
src/melee/ft/kinds/ftPurin/types.h,src/melee/ft,2222,108,0,0
src/melee/ft/kinds/ftSamus/forward.h,src/melee/ft,2757,92,0,0
src/melee/ft/kinds/ftSamus/ftsamus.c,src/melee/ft,11217,378,0,0
src/melee/ft/kinds/ftSamus/ftsamus.h,src/melee/ft,1830,37,0,0
src/melee/ft/kinds/ftSamus/ftsamusspecialhi.c,src/melee/ft,7202,257,0,0
src/melee/ft/kinds/ftSamus/ftsamusspecialhi.h,src/melee/ft,678,17,0,0
src/melee/ft/kinds/ftSamus/ftsamusspeciallw0.c,src/melee/ft,9001,326,0,0
src/melee/ft/kinds/ftSamus/ftsamusspeciallw0.h,src/melee/ft,879,20,0,0
src/melee/ft/kinds/ftSamus/ftsamusspeciallw1.c,src/melee/ft,7323,259,0,0
src/melee/ft/kinds/ftSamus/ftsamusspeciallw1.h,src/melee/ft,1070,23,0,0
src/melee/ft/kinds/ftSamus/ftsamusspecialn.c,src/melee/ft,11755,446,0,0
src/melee/ft/kinds/ftSamus/ftsamusspecialn.h,src/melee/ft,1985,37,0,0
src/melee/ft/kinds/ftSamus/ftsamusspecials.c,src/melee/ft,4102,176,0,0
src/melee/ft/kinds/ftSamus/ftsamusspecials.h,src/melee/ft,1219,26,0,0
src/melee/ft/kinds/ftSamus/inlines.h,src/melee/ft,1410,55,0,0
src/melee/ft/kinds/ftSamus/types.h,src/melee/ft,2864,123,0,0
src/melee/ft/kinds/ftSandbag/forward.h,src/melee/ft,490,18,0,0
src/melee/ft/kinds/ftSandbag/ftsandbag.c,src/melee/ft,3802,130,0,0
src/melee/ft/kinds/ftSandbag/ftsandbag.h,src/melee/ft,1209,28,0,0
src/melee/ft/kinds/ftSandbag/types.h,src/melee/ft,202,10,0,0
src/melee/ft/kinds/ftSeak/forward.h,src/melee/ft,3090,102,0,0
src/melee/ft/kinds/ftSeak/ftseak.c,src/melee/ft,11455,391,0,0
src/melee/ft/kinds/ftSeak/ftseak.h,src/melee/ft,1319,30,0,0
src/melee/ft/kinds/ftSeak/ftseakspecialhi.c,src/melee/ft,18046,628,0,0
src/melee/ft/kinds/ftSeak/ftseakspecialhi.h,src/melee/ft,1710,33,0,0
src/melee/ft/kinds/ftSeak/ftseakspeciallw.c,src/melee/ft,6331,254,0,0
src/melee/ft/kinds/ftSeak/ftseakspeciallw.h,src/melee/ft,1413,30,0,0
src/melee/ft/kinds/ftSeak/ftseakspecialn.c,src/melee/ft,12981,462,0,0
src/melee/ft/kinds/ftSeak/ftseakspecialn.h,src/melee/ft,2357,42,0,0
src/melee/ft/kinds/ftSeak/ftseakspecials.c,src/melee/ft,26987,1081,0,0
src/melee/ft/kinds/ftSeak/ftseakspecials.h,src/melee/ft,3454,66,0,0
src/melee/ft/kinds/ftSeak/types.h,src/melee/ft,2186,123,0,0
src/melee/ft/kinds/ftYoshi/forward.h,src/melee/ft,3433,111,0,0
src/melee/ft/kinds/ftYoshi/ftyoshi.c,src/melee/ft,16310,564,0,0
src/melee/ft/kinds/ftYoshi/ftyoshi.h,src/melee/ft,1557,34,0,0
src/melee/ft/kinds/ftYoshi/ftyoshiguard.c,src/melee/ft,10676,414,0,0
src/melee/ft/kinds/ftYoshi/ftyoshiguard.h,src/melee/ft,2273,46,0,0
src/melee/ft/kinds/ftYoshi/ftyoshispecialhi.c,src/melee/ft,6774,252,0,0
src/melee/ft/kinds/ftYoshi/ftyoshispecialhi.h,src/melee/ft,1723,35,0,0
src/melee/ft/kinds/ftYoshi/ftyoshispeciallw.c,src/melee/ft,4906,185,0,0
src/melee/ft/kinds/ftYoshi/ftyoshispeciallw.h,src/melee/ft,849,19,0,0
src/melee/ft/kinds/ftYoshi/ftyoshispecialn.c,src/melee/ft,15032,554,0,0
src/melee/ft/kinds/ftYoshi/ftyoshispecialn.h,src/melee/ft,3846,76,0,0
src/melee/ft/kinds/ftYoshi/ftyoshispecials.c,src/melee/ft,43301,1385,0,0
src/melee/ft/kinds/ftYoshi/ftyoshispecials.h,src/melee/ft,2852,48,0,0
src/melee/ft/kinds/ftYoshi/types.h,src/melee/ft,3540,159,0,0
src/melee/ft/kinds/ftZakoBoy/ftboy.c,src/melee/ft,1471,68,0,0
src/melee/ft/kinds/ftZakoBoy/ftboy.h,src/melee/ft,880,23,0,0
src/melee/ft/kinds/ftZakoBoy/types.h,src/melee/ft,313,16,0,0
src/melee/ft/kinds/ftZakoGirl/ftgirl.c,src/melee/ft,1423,67,0,0
src/melee/ft/kinds/ftZakoGirl/ftgirl.h,src/melee/ft,880,23,0,0
src/melee/ft/kinds/ftZelda/forward.h,src/melee/ft,2696,87,0,0
src/melee/ft/kinds/ftZelda/ftzelda.c,src/melee/ft,9331,322,0,0
src/melee/ft/kinds/ftZelda/ftzelda.h,src/melee/ft,1312,30,0,0
src/melee/ft/kinds/ftZelda/ftzeldaspecialhi.c,src/melee/ft,17657,669,0,0
src/melee/ft/kinds/ftZelda/ftzeldaspecialhi.h,src/melee/ft,2430,45,0,0
src/melee/ft/kinds/ftZelda/ftzeldaspeciallw.c,src/melee/ft,8461,368,0,0
src/melee/ft/kinds/ftZelda/ftzeldaspeciallw.h,src/melee/ft,1865,37,0,0
src/melee/ft/kinds/ftZelda/ftzeldaspecialn.c,src/melee/ft,5643,243,0,0
src/melee/ft/kinds/ftZelda/ftzeldaspecialn.h,src/melee/ft,963,22,0,0
src/melee/ft/kinds/ftZelda/ftzeldaspecials.c,src/melee/ft,15158,576,0,0
src/melee/ft/kinds/ftZelda/ftzeldaspecials.h,src/melee/ft,1668,33,0,0
src/melee/ft/kinds/ftZelda/types.h,src/melee/ft,1714,73,0,0
src/melee/ft/types.h,src/melee/ft,70398,2176,0,0
src/melee/gm/forward.h,src/melee/gm,8906,226,0,0
src/melee/gm/gm_1601.c,src/melee/gm,113733,4383,1,0
src/melee/gm/gm_1601.h,src/melee/gm,10691,266,0,0
src/melee/gm/gm_16A2.c,src/melee/gm,25484,982,0,0
src/melee/gm/gm_16A2.h,src/melee/gm,1564,52,0,0
src/melee/gm/gm_16F1.c,src/melee/gm,64935,2445,0,0
src/melee/gm/gm_16F1.h,src/melee/gm,4509,115,0,0
src/melee/gm/gm_1736.c,src/melee/gm,10784,435,0,0
src/melee/gm/gm_1798.c,src/melee/gm,20011,642,0,0
src/melee/gm/gm_1798.h,src/melee/gm,1107,30,0,0
src/melee/gm/gm_17AD.c,src/melee/gm,6480,347,0,0
src/melee/gm/gm_17AD.h,src/melee/gm,1324,41,0,0
src/melee/gm/gm_17BA.c,src/melee/gm,1962,88,0,0
src/melee/gm/gm_17BA.h,src/melee/gm,310,11,0,0
src/melee/gm/gm_17C0.c,src/melee/gm,28892,965,0,0
src/melee/gm/gm_17DB.c,src/melee/gm,6853,306,0,0
src/melee/gm/gm_17E4.c,src/melee/gm,11795,400,0,0
src/melee/gm/gm_17EB.c,src/melee/gm,6963,222,0,0
src/melee/gm/gm_180A.c,src/melee/gm,10968,366,0,0
src/melee/gm/gm_181A.c,src/melee/gm,30735,1072,0,0
src/melee/gm/gm_181A.h,src/melee/gm,319,16,0,0
src/melee/gm/gm_1832.c,src/melee/gm,38310,1164,0,0
src/melee/gm/gm_1832.h,src/melee/gm,2479,80,0,0
src/melee/gm/gm_186E.c,src/melee/gm,7406,253,0,0
src/melee/gm/gm_186E.h,src/melee/gm,508,17,0,0
src/melee/gm/gm_1879.c,src/melee/gm,12930,441,0,0
src/melee/gm/gm_1879.h,src/melee/gm,557,18,0,0
src/melee/gm/gm_1884.c,src/melee/gm,26242,933,0,0
src/melee/gm/gm_1884.h,src/melee/gm,755,24,0,0
src/melee/gm/gm_18A1.c,src/melee/gm,7690,204,0,0
src/melee/gm/gm_18A1.h,src/melee/gm,610,19,0,0
src/melee/gm/gm_19EF.c,src/melee/gm,23911,761,0,0
src/melee/gm/gm_19EF.h,src/melee/gm,348,13,0,0
src/melee/gm/gm_1A33.c,src/melee/gm,3396,112,0,0
src/melee/gm/gm_1A33.h,src/melee/gm,291,11,0,0
src/melee/gm/gm_1A36.c,src/melee/gm,6035,205,0,0
src/melee/gm/gm_1A36.h,src/melee/gm,754,25,0,0
src/melee/gm/gm_1A3F.c,src/melee/gm,11312,398,0,0
src/melee/gm/gm_1A3F.h,src/melee/gm,3618,100,0,0
src/melee/gm/gm_1A7A.c,src/melee/gm,4324,154,0,0
src/melee/gm/gm_1A7A.h,src/melee/gm,878,26,0,0
src/melee/gm/gm_1A9B.c,src/melee/gm,6520,166,0,0
src/melee/gm/gm_1ADD.c,src/melee/gm,12680,394,0,0
src/melee/gm/gm_1ADD.h,src/melee/gm,475,19,0,0
src/melee/gm/gm_1B03.c,src/melee/gm,6307,218,0,0
src/melee/gm/gm_1B03.h,src/melee/gm,1003,22,0,0
src/melee/gm/gm_1BFA.c,src/melee/gm,7481,247,0,0
src/melee/gm/gm_1BFA.h,src/melee/gm,292,10,0,0
src/melee/gm/gm_unsplit.h,src/melee/gm,1635,36,0,0
src/melee/gm/gmadventure.c,src/melee/gm,40310,1772,0,0
src/melee/gm/gmadventure.h,src/melee/gm,1673,39,0,0
src/melee/gm/gmallstar.c,src/melee/gm,19796,824,0,0
src/melee/gm/gmallstar.h,src/melee/gm,783,22,0,0
src/melee/gm/gmapproach.c,src/melee/gm,4141,159,0,0
src/melee/gm/gmapproach.h,src/melee/gm,284,11,0,0
src/melee/gm/gmboot.c,src/melee/gm,2428,105,0,0
src/melee/gm/gmboot.h,src/melee/gm,60,4,0,0
src/melee/gm/gmcamera.c,src/melee/gm,17226,600,0,0
src/melee/gm/gmcamera.h,src/melee/gm,1976,63,0,0
src/melee/gm/gmcameramode.c,src/melee/gm,6764,249,0,0
src/melee/gm/gmcameramode.h,src/melee/gm,437,18,0,0
src/melee/gm/gmclassic.c,src/melee/gm,30644,1091,0,0
src/melee/gm/gmclassic.h,src/melee/gm,670,19,0,0
src/melee/gm/gmdebugmode.c,src/melee/gm,11158,475,0,0
src/melee/gm/gmdebugmode.h,src/melee/gm,166,8,0,0
src/melee/gm/gmevent.c,src/melee/gm,67781,2368,0,0
src/melee/gm/gmevent.h,src/melee/gm,1263,38,0,0
src/melee/gm/gmfixedcamera.c,src/melee/gm,3820,182,0,0
src/melee/gm/gmfixedcamera.h,src/melee/gm,786,21,0,0
src/melee/gm/gmgiant.c,src/melee/gm,3795,183,0,0
src/melee/gm/gmgiant.h,src/melee/gm,772,21,0,0
src/melee/gm/gmgover.c,src/melee/gm,3312,185,0,0
src/melee/gm/gmgover.h,src/melee/gm,66,4,0,0
src/melee/gm/gmhanyucss.c,src/melee/gm,1205,54,0,0
src/melee/gm/gmhanyucss.h,src/melee/gm,164,8,0,0
src/melee/gm/gmhanyusss.c,src/melee/gm,655,30,0,0
src/melee/gm/gmhanyusss.h,src/melee/gm,169,8,0,0
src/melee/gm/gmhomerun.c,src/melee/gm,4990,184,0,0
src/melee/gm/gmhomerun.h,src/melee/gm,476,16,0,0
src/melee/gm/gmhowto.c,src/melee/gm,2409,83,0,0
src/melee/gm/gmhowto.h,src/melee/gm,230,10,0,0
src/melee/gm/gminvisible.c,src/melee/gm,5008,198,0,0
src/melee/gm/gminvisible.h,src/melee/gm,178,7,0,0
src/melee/gm/gmlightning.c,src/melee/gm,3880,184,0,0
src/melee/gm/gmlightning.h,src/melee/gm,691,19,0,0
src/melee/gm/gmmain.c,src/melee/gm,6913,220,3,0
src/melee/gm/gmmain.h,src/melee/gm,64,4,0,0
src/melee/gm/gmmain_lib.c,src/melee/gm,31330,1333,0,0
src/melee/gm/gmmain_lib.h,src/melee/gm,7740,169,0,0
src/melee/gm/gmmenu.c,src/melee/gm,1674,67,0,0
src/melee/gm/gmmenu.h,src/melee/gm,275,9,0,0
src/melee/gm/gmmenumode.c,src/melee/gm,7527,249,0,0
src/melee/gm/gmmenumode.h,src/melee/gm,210,9,0,0
src/melee/gm/gmmovieend.c,src/melee/gm,4389,166,0,0
src/melee/gm/gmmovieend.h,src/melee/gm,393,12,0,0
src/melee/gm/gmmultiman.c,src/melee/gm,30708,1087,0,0
src/melee/gm/gmmultiman.h,src/melee/gm,1834,45,0,0
src/melee/gm/gmomake15.c,src/melee/gm,1979,72,0,0
src/melee/gm/gmomake15.h,src/melee/gm,171,7,0,0
src/melee/gm/gmopening.c,src/melee/gm,8332,292,0,0
src/melee/gm/gmopening.h,src/melee/gm,483,16,0,0
src/melee/gm/gmopeningmode.c,src/melee/gm,14815,666,0,0
src/melee/gm/gmpause.c,src/melee/gm,3446,101,0,0
src/melee/gm/gmpause.h,src/melee/gm,270,11,0,0
src/melee/gm/gmprogressive.c,src/melee/gm,5954,199,0,0
src/melee/gm/gmprogressive.h,src/melee/gm,192,8,0,0
src/melee/gm/gmprogressivemode.c,src/melee/gm,775,36,0,0
src/melee/gm/gmprogressivemode.h,src/melee/gm,167,8,0,0
src/melee/gm/gmregclear.c,src/melee/gm,29822,1073,0,0
src/melee/gm/gmregclear.h,src/melee/gm,5952,133,0,0
src/melee/gm/gmregcommon.c,src/melee/gm,1960,79,0,0
src/melee/gm/gmregcommon.h,src/melee/gm,306,13,0,0
src/melee/gm/gmregenddisp.c,src/melee/gm,14258,518,0,0
src/melee/gm/gmregtyfall.c,src/melee/gm,16899,569,0,0
src/melee/gm/gmregtyfall.h,src/melee/gm,1134,31,0,0
src/melee/gm/gmresult.c,src/melee/gm,56095,1827,0,0
src/melee/gm/gmresult.h,src/melee/gm,1884,50,0,0
src/melee/gm/gmresultplayer.c,src/melee/gm,46100,1361,0,0
src/melee/gm/gmresultplayer.h,src/melee/gm,4053,138,0,0
src/melee/gm/gmscdata.c,src/melee/gm,15423,762,0,0
src/melee/gm/gmscdata.h,src/melee/gm,1827,35,0,0
src/melee/gm/gmscene.c,src/melee/gm,10217,385,0,0
src/melee/gm/gmscene.h,src/melee/gm,2056,56,0,0
src/melee/gm/gmscmemcard.c,src/melee/gm,13477,497,0,0
src/melee/gm/gmscmemcard.h,src/melee/gm,216,8,0,0
src/melee/gm/gmsinglebutton.c,src/melee/gm,4023,186,0,0
src/melee/gm/gmsinglebutton.h,src/melee/gm,800,21,0,0
src/melee/gm/gmslomo.c,src/melee/gm,3758,181,0,0
src/melee/gm/gmslomo.h,src/melee/gm,673,21,0,0
src/melee/gm/gmstaffroll.c,src/melee/gm,48821,1338,0,0
src/melee/gm/gmstaffroll.h,src/melee/gm,907,24,0,0
src/melee/gm/gmstamina.c,src/melee/gm,6163,237,0,0
src/melee/gm/gmstamina.h,src/melee/gm,647,20,0,0
src/melee/gm/gmsupersudden.c,src/melee/gm,3799,184,0,0
src/melee/gm/gmsupersudden.h,src/melee/gm,802,21,0,0
src/melee/gm/gmtiny.c,src/melee/gm,3760,182,0,0
src/melee/gm/gmtiny.h,src/melee/gm,768,21,0,0
src/melee/gm/gmtitle.c,src/melee/gm,11167,369,0,0
src/melee/gm/gmtitle.h,src/melee/gm,530,16,0,0
src/melee/gm/gmtitlemode.c,src/melee/gm,1785,70,0,0
src/melee/gm/gmtitlemode.h,src/melee/gm,222,9,0,0
src/melee/gm/gmtou_0.c,src/melee/gm,82569,2915,0,0
src/melee/gm/gmtou_0.h,src/melee/gm,159,8,0,0
src/melee/gm/gmtou_1.c,src/melee/gm,70279,2384,0,0
src/melee/gm/gmtou_1.h,src/melee/gm,66,4,0,0
src/melee/gm/gmtou_2.c,src/melee/gm,35833,1215,0,0
src/melee/gm/gmtou_2.h,src/melee/gm,66,4,0,0
src/melee/gm/gmtoulib.c,src/melee/gm,84451,2666,0,0
src/melee/gm/gmtoulib.h,src/melee/gm,7888,182,0,0
src/melee/gm/gmtoumode.c,src/melee/gm,5345,229,0,0
src/melee/gm/gmtoumode.h,src/melee/gm,167,8,0,0
src/melee/gm/gmtoycollection.c,src/melee/gm,561,28,0,0
src/melee/gm/gmtoycollection.h,src/melee/gm,182,8,0,0
src/melee/gm/gmtoygallery.c,src/melee/gm,647,31,0,0
src/melee/gm/gmtoygallery.h,src/melee/gm,173,8,0,0
src/melee/gm/gmtoylottery.c,src/melee/gm,870,41,0,0
src/melee/gm/gmtoylottery.h,src/melee/gm,173,8,0,0
src/melee/gm/gmtrainingmode.c,src/melee/gm,8399,282,0,0
src/melee/gm/gmtrainingmode.h,src/melee/gm,275,10,0,0
src/melee/gm/gmvs.c,src/melee/gm,62434,2300,0,0
src/melee/gm/gmvs.h,src/melee/gm,6084,144,0,0
src/melee/gm/gmvsmelee.c,src/melee/gm,10372,344,0,0
src/melee/gm/gmvsmelee.h,src/melee/gm,2414,51,0,0
src/melee/gm/gmvsmode.c,src/melee/gm,6560,261,0,0
src/melee/gm/gmvsmode.h,src/melee/gm,492,20,0,0
src/melee/gm/inlines.h,src/melee/gm,1559,66,0,0
src/melee/gm/types.h,src/melee/gm,36411,1310,0,0
src/melee/gr/forward.h,src/melee/gr,7113,201,0,0
src/melee/gr/granime.c,src/melee/gr,33673,1154,0,0
src/melee/gr/granime.h,src/melee/gr,1664,31,0,0
src/melee/gr/grbattle.c,src/melee/gr,12333,436,0,0
src/melee/gr/grbattle.h,src/melee/gr,139,8,0,0
src/melee/gr/grbigblue.c,src/melee/gr,154166,4699,5,0
src/melee/gr/grbigblue.h,src/melee/gr,3818,79,0,0
src/melee/gr/grbigblueroute.c,src/melee/gr,35567,1212,0,0
src/melee/gr/grbigblueroute.h,src/melee/gr,2402,50,0,0
src/melee/gr/grcastle.c,src/melee/gr,59994,2018,0,0
src/melee/gr/grcastle.h,src/melee/gr,4291,89,0,0
src/melee/gr/grcorneria.c,src/melee/gr,85530,2807,0,0
src/melee/gr/grcorneria.h,src/melee/gr,5078,105,0,0
src/melee/gr/grdatfiles.c,src/melee/gr,5869,182,0,0
src/melee/gr/grdatfiles.h,src/melee/gr,545,16,0,0
src/melee/gr/grdisplay.c,src/melee/gr,5104,153,0,0
src/melee/gr/grdisplay.h,src/melee/gr,231,9,0,0
src/melee/gr/grdynamicattr.c,src/melee/gr,2811,116,0,0
src/melee/gr/grdynamicattr.h,src/melee/gr,501,17,0,0
src/melee/gr/grfigure1.c,src/melee/gr,4412,166,0,0
src/melee/gr/grfigure1.h,src/melee/gr,184,9,0,0
src/melee/gr/grfigure2.c,src/melee/gr,4248,156,0,0
src/melee/gr/grfigure2.h,src/melee/gr,139,8,0,0
src/melee/gr/grfigure3.c,src/melee/gr,4038,159,0,0
src/melee/gr/grfigure3.h,src/melee/gr,139,8,0,0
src/melee/gr/grfigureget.c,src/melee/gr,10295,358,0,0
src/melee/gr/grfigureget.h,src/melee/gr,290,11,0,0
src/melee/gr/grflatzone.c,src/melee/gr,22232,776,0,0
src/melee/gr/grflatzone.h,src/melee/gr,2690,58,0,0
src/melee/gr/grfourside.c,src/melee/gr,24421,814,0,0
src/melee/gr/grfourside.h,src/melee/gr,2214,49,0,0
src/melee/gr/grfzerocar.c,src/melee/gr,7119,251,0,0
src/melee/gr/grfzerocar.h,src/melee/gr,217,11,0,0
src/melee/gr/grgarden.c,src/melee/gr,10736,416,0,0
src/melee/gr/grgarden.h,src/melee/gr,2328,51,0,0
src/melee/gr/grgreatbay.c,src/melee/gr,34303,1208,0,0
src/melee/gr/grgreatbay.h,src/melee/gr,2806,62,0,0
src/melee/gr/grgreens.c,src/melee/gr,49108,1572,0,0
src/melee/gr/grgreens.h,src/melee/gr,3129,66,0,0
src/melee/gr/grheal.c,src/melee/gr,12202,440,0,0
src/melee/gr/grheal.h,src/melee/gr,140,8,0,0
src/melee/gr/grhomerun.c,src/melee/gr,28194,980,0,0
src/melee/gr/grhomerun.h,src/melee/gr,3372,72,0,0
src/melee/gr/gricemt.c,src/melee/gr,64234,2087,0,0
src/melee/gr/gricemt.h,src/melee/gr,253,12,0,0
src/melee/gr/grinishie1.c,src/melee/gr,38329,1191,0,0
src/melee/gr/grinishie1.h,src/melee/gr,185,10,0,0
src/melee/gr/grinishie2.c,src/melee/gr,19480,790,0,0
src/melee/gr/grinishie2.h,src/melee/gr,2286,51,0,0
src/melee/gr/grizumi.c,src/melee/gr,24262,882,0,0
src/melee/gr/grizumi.h,src/melee/gr,2568,55,0,0
src/melee/gr/grkinokoroute.c,src/melee/gr,19323,669,0,0
src/melee/gr/grkinokoroute.h,src/melee/gr,2075,46,0,0
src/melee/gr/grkongo.c,src/melee/gr,43832,1523,0,0
src/melee/gr/grkongo.h,src/melee/gr,4173,136,0,0
src/melee/gr/grkraid.c,src/melee/gr,15921,578,0,0
src/melee/gr/grkraid.h,src/melee/gr,1873,44,0,0
src/melee/gr/grlast.c,src/melee/gr,29794,1035,0,0
src/melee/gr/grlast.h,src/melee/gr,139,8,0,0
src/melee/gr/grlib.c,src/melee/gr,8287,356,0,0
src/melee/gr/grlib.h,src/melee/gr,1276,34,0,0
src/melee/gr/grmaterial.c,src/melee/gr,18015,608,0,0
src/melee/gr/grmaterial.h,src/melee/gr,2193,47,0,0
src/melee/gr/grmutecity.c,src/melee/gr,56263,1985,0,0
src/melee/gr/grmutecity.h,src/melee/gr,5943,110,0,0
src/melee/gr/groldkongo.c,src/melee/gr,18923,646,0,0
src/melee/gr/groldkongo.h,src/melee/gr,241,9,0,0
src/melee/gr/groldpupupu.c,src/melee/gr,22242,784,0,0
src/melee/gr/groldpupupu.h,src/melee/gr,2679,56,0,0
src/melee/gr/groldyoshi.c,src/melee/gr,14131,476,0,0
src/melee/gr/groldyoshi.h,src/melee/gr,1951,43,0,0
src/melee/gr/gronett.c,src/melee/gr,30114,960,0,0
src/melee/gr/gronett.h,src/melee/gr,1920,46,0,0
src/melee/gr/ground.c,src/melee/gr,93181,3351,0,0
src/melee/gr/ground.h,src/melee/gr,8657,202,0,0
src/melee/gr/grpstadium.c,src/melee/gr,63301,2251,0,0
src/melee/gr/grpstadium.h,src/melee/gr,4093,85,0,0
src/melee/gr/grpura.c,src/melee/gr,31345,931,0,0
src/melee/gr/grpura.h,src/melee/gr,138,8,0,0
src/melee/gr/grpushon.c,src/melee/gr,19637,741,0,0
src/melee/gr/grpushon.h,src/melee/gr,1532,35,0,0
src/melee/gr/grrcruise.c,src/melee/gr,37385,1195,0,0
src/melee/gr/grrcruise.h,src/melee/gr,2772,59,0,0
src/melee/gr/grshrine.c,src/melee/gr,4619,188,0,0
src/melee/gr/grshrine.h,src/melee/gr,138,8,0,0
src/melee/gr/grshrineroute.c,src/melee/gr,48829,1578,0,0
src/melee/gr/grshrineroute.h,src/melee/gr,144,8,0,0
src/melee/gr/grstory.c,src/melee/gr,7588,327,0,0
src/melee/gr/grstory.h,src/melee/gr,1226,31,0,0
src/melee/gr/grtcaptain.c,src/melee/gr,4070,169,0,0
src/melee/gr/grtcaptain.h,src/melee/gr,139,8,0,0
src/melee/gr/grtclink.c,src/melee/gr,3081,150,0,0
src/melee/gr/grtclink.h,src/melee/gr,1061,29,0,0
src/melee/gr/grtdonkey.c,src/melee/gr,4107,162,0,0
src/melee/gr/grtdonkey.h,src/melee/gr,139,8,0,0
src/melee/gr/grtdrmario.c,src/melee/gr,4559,173,0,0
src/melee/gr/grtdrmario.h,src/melee/gr,139,8,0,0
src/melee/gr/grtemblem.c,src/melee/gr,3794,165,0,0
src/melee/gr/grtemblem.h,src/melee/gr,139,8,0,0
src/melee/gr/grtest.c,src/melee/gr,4945,207,0,0
src/melee/gr/grtest.h,src/melee/gr,1060,28,0,0
src/melee/gr/grtfalco.c,src/melee/gr,4948,206,0,0
src/melee/gr/grtfalco.h,src/melee/gr,139,8,0,0
src/melee/gr/grtfox.c,src/melee/gr,4267,176,0,0
src/melee/gr/grtfox.h,src/melee/gr,139,8,0,0
src/melee/gr/grtgamewatch.c,src/melee/gr,3161,152,0,0
src/melee/gr/grtgamewatch.h,src/melee/gr,1080,27,0,0
src/melee/gr/grtganon.c,src/melee/gr,3793,184,0,0
src/melee/gr/grtganon.h,src/melee/gr,1067,28,0,0
src/melee/gr/grticeclimber.c,src/melee/gr,5978,218,0,0
src/melee/gr/grticeclimber.h,src/melee/gr,139,8,0,0
src/melee/gr/grtkirby.c,src/melee/gr,4320,174,0,0
src/melee/gr/grtkirby.h,src/melee/gr,139,8,0,0
src/melee/gr/grtkoopa.c,src/melee/gr,4161,166,0,0
src/melee/gr/grtkoopa.h,src/melee/gr,137,7,0,0
src/melee/gr/grtlink.c,src/melee/gr,3954,167,0,0
src/melee/gr/grtlink.h,src/melee/gr,139,8,0,0
src/melee/gr/grtluigi.c,src/melee/gr,2969,145,0,0
src/melee/gr/grtluigi.h,src/melee/gr,1001,28,0,0
src/melee/gr/grtmario.c,src/melee/gr,5269,213,0,0
src/melee/gr/grtmario.h,src/melee/gr,139,8,0,0
src/melee/gr/grtmars.c,src/melee/gr,4053,160,0,0
src/melee/gr/grtmars.h,src/melee/gr,139,8,0,0
src/melee/gr/grtmewtwo.c,src/melee/gr,5979,231,0,0
src/melee/gr/grtmewtwo.h,src/melee/gr,143,8,0,0
src/melee/gr/grtness.c,src/melee/gr,4135,180,0,0
src/melee/gr/grtness.h,src/melee/gr,139,8,0,0
src/melee/gr/grtpeach.c,src/melee/gr,4285,176,0,0
src/melee/gr/grtpeach.h,src/melee/gr,139,8,0,0
src/melee/gr/grtpichu.c,src/melee/gr,4161,166,0,0
src/melee/gr/grtpichu.h,src/melee/gr,139,8,0,0
src/melee/gr/grtpikachu.c,src/melee/gr,3089,151,0,0
src/melee/gr/grtpikachu.h,src/melee/gr,1085,29,0,0
src/melee/gr/grtpurin.c,src/melee/gr,4156,194,0,0
src/melee/gr/grtpurin.h,src/melee/gr,1149,32,0,0
src/melee/gr/grtsamus.c,src/melee/gr,3961,164,0,0
src/melee/gr/grtsamus.h,src/melee/gr,139,8,0,0
src/melee/gr/grtseak.c,src/melee/gr,3915,164,0,0
src/melee/gr/grtseak.h,src/melee/gr,139,8,0,0
src/melee/gr/grtyoshi.c,src/melee/gr,4166,167,0,0
src/melee/gr/grtyoshi.h,src/melee/gr,139,8,0,0
src/melee/gr/grtzelda.c,src/melee/gr,4221,159,0,0
src/melee/gr/grtzelda.h,src/melee/gr,139,8,0,0
src/melee/gr/grvenom.c,src/melee/gr,55779,1846,0,0
src/melee/gr/grvenom.h,src/melee/gr,3076,67,0,0
src/melee/gr/gryorster.c,src/melee/gr,12962,434,0,0
src/melee/gr/gryorster.h,src/melee/gr,1284,32,0,0
src/melee/gr/grzakogenerator.c,src/melee/gr,13226,386,0,0
src/melee/gr/grzakogenerator.h,src/melee/gr,977,24,0,0
src/melee/gr/grzebes.c,src/melee/gr,80238,2409,0,0
src/melee/gr/grzebes.h,src/melee/gr,1056,28,0,0
src/melee/gr/grzebesroute.c,src/melee/gr,8429,310,0,0
src/melee/gr/grzebesroute.h,src/melee/gr,1192,29,0,0
src/melee/gr/inlines.h,src/melee/gr,7066,238,0,0
src/melee/gr/stage.c,src/melee/gr,18705,557,0,0
src/melee/gr/stage.h,src/melee/gr,3209,89,0,0
src/melee/gr/types.h,src/melee/gr,56014,2085,0,0
src/melee/if/forward.h,src/melee/if,999,31,0,0
src/melee/if/if_2F6E.c,src/melee/if,4446,157,0,0
src/melee/if/if_2F6E.h,src/melee/if,443,15,0,0
src/melee/if/if_2F72.c,src/melee/if,10370,386,0,0
src/melee/if/if_2F72.h,src/melee/if,789,24,0,0
src/melee/if/if_2FD9.c,src/melee/if,5800,222,0,0
src/melee/if/if_2FD9.h,src/melee/if,618,20,0,0
src/melee/if/if_2FF2.c,src/melee/if,5930,251,0,0
src/melee/if/if_2FFC.c,src/melee/if,11757,386,0,0
src/melee/if/if_2FFC.h,src/melee/if,2161,79,0,0
src/melee/if/if_3004.c,src/melee/if,90845,2322,0,0
src/melee/if/if_3004.h,src/melee/if,1613,45,0,0
src/melee/if/ifall.c,src/melee/if,6827,274,0,0
src/melee/if/ifall.h,src/melee/if,703,23,0,0
src/melee/if/ifcoget.c,src/melee/if,3945,129,0,0
src/melee/if/ifcoget.h,src/melee/if,736,22,0,0
src/melee/if/ifhazard.c,src/melee/if,2274,105,0,0
src/melee/if/ifhazard.h,src/melee/if,677,20,0,0
src/melee/if/ifmagnify.c,src/melee/if,20101,627,0,0
src/melee/if/ifmagnify.h,src/melee/if,927,25,0,0
src/melee/if/ifnametag.c,src/melee/if,10439,376,0,0
src/melee/if/ifnametag.h,src/melee/if,742,22,0,0
src/melee/if/ifprize.c,src/melee/if,10509,346,0,0
src/melee/if/ifprize.h,src/melee/if,471,16,0,0
src/melee/if/ifstatus.c,src/melee/if,30249,947,0,0
src/melee/if/ifstatus.h,src/melee/if,1432,34,0,0
src/melee/if/ifstock.c,src/melee/if,37927,1087,0,0
src/melee/if/ifstock.h,src/melee/if,1442,37,0,0
src/melee/if/iftime.c,src/melee/if,10452,309,0,0
src/melee/if/iftime.h,src/melee/if,629,18,0,0
src/melee/if/soundtest.c,src/melee/if,6403,210,0,0
src/melee/if/soundtest.h,src/melee/if,842,34,0,0
src/melee/if/textdraw.c,src/melee/if,9822,354,0,0
src/melee/if/textdraw.h,src/melee/if,1156,26,0,0
src/melee/if/textlib.c,src/melee/if,6001,253,0,0
src/melee/if/textlib.h,src/melee/if,2976,60,0,0
src/melee/if/textlib_1.c,src/melee/if,16924,615,0,0
src/melee/if/types.h,src/melee/if,6762,288,0,0
src/melee/it/forward.h,src/melee/it,23580,505,0,0
src/melee/it/inlines.h,src/melee/it,2802,107,0,0
src/melee/it/it_266F.h,src/melee/it,54,3,0,0
src/melee/it/it_26B1.c,src/melee/it,28216,1177,0,0
src/melee/it/it_26B1.h,src/melee/it,7696,251,0,0
src/melee/it/it_2725.c,src/melee/it,37858,1488,0,0
src/melee/it/it_2725.h,src/melee/it,5124,123,0,0
src/melee/it/it_279C.c,src/melee/it,38884,1630,0,0
src/melee/it/it_279C.h,src/melee/it,1854,46,0,0
src/melee/it/it_3F14.c,src/melee/it,22538,863,0,0
src/melee/it/it_3F14.h,src/melee/it,2521,76,0,0
src/melee/it/it_3F2F.c,src/melee/it,61311,2783,0,0
src/melee/it/it_3F2F.h,src/melee/it,372,12,0,0
src/melee/it/itanimlist.c,src/melee/it,10511,379,0,0
src/melee/it/itanimlist.h,src/melee/it,1558,38,0,0
src/melee/it/itCharItems.h,src/melee/it,25573,916,0,0
src/melee/it/itcoll.c,src/melee/it,48223,1433,0,0
src/melee/it/itcoll.h,src/melee/it,1660,40,0,0
src/melee/it/itCommonItems.h,src/melee/it,49896,1908,0,0
src/melee/it/itdraw.c,src/melee/it,7507,239,0,0
src/melee/it/itdraw.h,src/melee/it,431,16,0,0
src/melee/it/itdrop.c,src/melee/it,5894,213,0,0
src/melee/it/itdrop.h,src/melee/it,597,17,0,0
src/melee/it/iteffect.c,src/melee/it,11057,397,0,0
src/melee/it/iteffect.h,src/melee/it,347,16,0,0
src/melee/it/item.c,src/melee/it,65875,2232,0,0
src/melee/it/item.h,src/melee/it,3886,131,0,0
src/melee/it/itgroundcoll.c,src/melee/it,17428,802,0,0
src/melee/it/itgroundcoll.h,src/melee/it,2200,50,0,0
src/melee/it/ithitbox.c,src/melee/it,5884,261,0,0
src/melee/it/ithitbox.h,src/melee/it,1296,40,0,0
src/melee/it/itmaplib.c,src/melee/it,28714,1045,0,0
src/melee/it/itmaplib.h,src/melee/it,1737,45,0,0
src/melee/it/itmaterial.c,src/melee/it,13507,431,0,0
src/melee/it/itmaterial.h,src/melee/it,624,22,0,0
src/melee/it/itPKFlash.h,src/melee/it,1220,46,0,0
src/melee/it/itPKThunder.h,src/melee/it,701,32,0,0
src/melee/it/itspawn.c,src/melee/it,12825,496,0,0
src/melee/it/itspawn.h,src/melee/it,806,23,0,0
src/melee/it/itYoyo.h,src/melee/it,1008,35,0,0
src/melee/it/itzako.c,src/melee/it,18974,708,0,0
src/melee/it/itzako.h,src/melee/it,1512,38,0,0
src/melee/it/kinds/forward.h,src/melee/it,174,7,0,0
src/melee/it/kinds/inlines.h,src/melee/it,9155,319,0,0
src/melee/it/kinds/it_2ADA.c,src/melee/it,2258,85,0,0
src/melee/it/kinds/it_2ADA.h,src/melee/it,333,13,0,0
src/melee/it/kinds/it_2E5A.c,src/melee/it,16649,550,1,0
src/melee/it/kinds/it_2E5A.h,src/melee/it,1402,35,0,0
src/melee/it/kinds/it_2F28.c,src/melee/it,3554,129,0,0
src/melee/it/kinds/it_2F28.h,src/melee/it,368,13,0,0
src/melee/it/kinds/itarwinglaser.c,src/melee/it,19473,630,0,0
src/melee/it/kinds/itarwinglaser.h,src/melee/it,580,20,0,0
src/melee/it/kinds/itbat.c,src/melee/it,4642,209,0,0
src/melee/it/kinds/itbat.h,src/melee/it,1261,38,0,0
src/melee/it/kinds/itbombhei.c,src/melee/it,22601,820,0,0
src/melee/it/kinds/itbombhei.h,src/melee/it,3592,69,0,0
src/melee/it/kinds/itbox.c,src/melee/it,17345,647,0,0
src/melee/it/kinds/itbox.h,src/melee/it,2688,55,0,0
src/melee/it/kinds/itcapsule.c,src/melee/it,6781,293,0,0
src/melee/it/kinds/itcapsule.h,src/melee/it,2113,46,0,0
src/melee/it/kinds/itcerebi.c,src/melee/it,3988,152,0,0
src/melee/it/kinds/itcerebi.h,src/melee/it,292,12,0,0
src/melee/it/kinds/itchicorita.c,src/melee/it,8551,306,0,0
src/melee/it/kinds/itchicorita.h,src/melee/it,1715,39,0,0
src/melee/it/kinds/itclimbersblizzard.c,src/melee/it,4510,166,0,0
src/melee/it/kinds/itclimbersblizzard.h,src/melee/it,848,22,0,0
src/melee/it/kinds/itclimbersice.c,src/melee/it,9884,382,0,0
src/melee/it/kinds/itclimbersice.h,src/melee/it,1994,42,0,0
src/melee/it/kinds/itclimbersstring.c,src/melee/it,18260,616,0,0
src/melee/it/kinds/itclimbersstring.h,src/melee/it,1387,31,0,0
src/melee/it/kinds/itclinkmilk.c,src/melee/it,3902,140,0,0
src/melee/it/kinds/itclinkmilk.h,src/melee/it,640,18,0,0
src/melee/it/kinds/itcoin.c,src/melee/it,12394,439,0,0
src/melee/it/kinds/itcoin.h,src/melee/it,949,26,0,0
src/melee/it/kinds/itcrazyhandbomb.c,src/melee/it,3414,139,0,0
src/melee/it/kinds/itcrazyhandbomb.h,src/melee/it,1212,28,0,0
src/melee/it/kinds/itdkinoko.c,src/melee/it,3924,152,0,0
src/melee/it/kinds/itdkinoko.h,src/melee/it,709,24,0,0
src/melee/it/kinds/itdosei.c,src/melee/it,19746,733,0,0
src/melee/it/kinds/itdosei.h,src/melee/it,3625,76,0,0
src/melee/it/kinds/itdrmariopill.c,src/melee/it,13406,460,0,0
src/melee/it/kinds/itdrmariopill.h,src/melee/it,1382,32,0,0
src/melee/it/kinds/itegg.c,src/melee/it,8316,324,0,0
src/melee/it/kinds/itegg.h,src/melee/it,939,24,0,0
src/melee/it/kinds/itentei.c,src/melee/it,3895,163,0,0
src/melee/it/kinds/itentei.h,src/melee/it,686,25,0,0
src/melee/it/kinds/itevyoshiegg.c,src/melee/it,6034,256,0,0
src/melee/it/kinds/itevyoshiegg.h,src/melee/it,2149,43,0,0
src/melee/it/kinds/itfflower.c,src/melee/it,8395,347,0,0
src/melee/it/kinds/itfflower.h,src/melee/it,1144,29,0,0
src/melee/it/kinds/itfflowerflame.c,src/melee/it,7201,233,0,0
src/melee/it/kinds/itfflowerflame.h,src/melee/it,777,22,0,0
src/melee/it/kinds/itfire.c,src/melee/it,3485,142,0,0
src/melee/it/kinds/itfire.h,src/melee/it,1019,25,0,0
src/melee/it/kinds/itflipper.c,src/melee/it,16860,608,0,0
src/melee/it/kinds/itflipper.h,src/melee/it,10374,325,0,0
src/melee/it/kinds/itfoods.c,src/melee/it,5072,185,0,0
src/melee/it/kinds/itfoods.h,src/melee/it,625,17,0,0
src/melee/it/kinds/itfoxblaster.c,src/melee/it,30218,869,0,0
src/melee/it/kinds/itfoxblaster.h,src/melee/it,1020,24,0,0
src/melee/it/kinds/itfoxillusion.c,src/melee/it,6733,244,0,0
src/melee/it/kinds/itfoxillusion.h,src/melee/it,1280,31,0,0
src/melee/it/kinds/itfoxlaser.c,src/melee/it,3846,136,0,0
src/melee/it/kinds/itfoxlaser.h,src/melee/it,1298,31,0,0
src/melee/it/kinds/itfreeze.c,src/melee/it,12543,508,0,0
src/melee/it/kinds/itfreeze.h,src/melee/it,2546,52,0,0
src/melee/it/kinds/itfreezer.c,src/melee/it,4901,180,0,0
src/melee/it/kinds/itfreezer.h,src/melee/it,1125,26,0,0
src/melee/it/kinds/itfushigibana.c,src/melee/it,3856,146,0,0
src/melee/it/kinds/itfushigibana.h,src/melee/it,1025,24,0,0
src/melee/it/kinds/itgamewatchbreath.c,src/melee/it,2753,110,0,0
src/melee/it/kinds/itgamewatchbreath.h,src/melee/it,748,19,0,0
src/melee/it/kinds/itgamewatchchef.c,src/melee/it,5799,207,0,0
src/melee/it/kinds/itgamewatchchef.h,src/melee/it,1291,29,0,0
src/melee/it/kinds/itgamewatchfire.c,src/melee/it,3278,117,0,0
src/melee/it/kinds/itgamewatchfire.h,src/melee/it,731,20,0,0
src/melee/it/kinds/itgamewatchgreenhouse.c,src/melee/it,3839,145,0,0
src/melee/it/kinds/itgamewatchgreenhouse.h,src/melee/it,1175,26,0,0
src/melee/it/kinds/itgamewatchjudge.c,src/melee/it,3180,123,0,0
src/melee/it/kinds/itgamewatchjudge.h,src/melee/it,775,20,0,0
src/melee/it/kinds/itgamewatchmanhole.c,src/melee/it,2972,112,0,0
src/melee/it/kinds/itgamewatchmanhole.h,src/melee/it,706,19,0,0
src/melee/it/kinds/itgamewatchpanic.c,src/melee/it,2549,97,0,0
src/melee/it/kinds/itgamewatchpanic.h,src/melee/it,686,21,0,0
src/melee/it/kinds/itgamewatchparachute.c,src/melee/it,2949,127,0,0
src/melee/it/kinds/itgamewatchparachute.h,src/melee/it,721,19,0,0
src/melee/it/kinds/itgamewatchrescue.c,src/melee/it,4875,158,0,0
src/melee/it/kinds/itgamewatchrescue.h,src/melee/it,877,21,0,0
src/melee/it/kinds/itgamewatchturtle.c,src/melee/it,2616,108,0,0
src/melee/it/kinds/itgamewatchturtle.h,src/melee/it,724,23,0,0
src/melee/it/kinds/itgreatfoxlaser.c,src/melee/it,5088,167,0,0
src/melee/it/kinds/itgreatfoxlaser.h,src/melee/it,766,20,0,0
src/melee/it/kinds/itgshell.c,src/melee/it,16323,623,0,0
src/melee/it/kinds/itgshell.h,src/melee/it,2908,57,0,0
src/melee/it/kinds/ithammer.c,src/melee/it,6232,237,0,0
src/melee/it/kinds/ithammer.h,src/melee/it,741,20,0,0
src/melee/it/kinds/ithammerhead.c,src/melee/it,5012,216,0,0
src/melee/it/kinds/ithammerhead.h,src/melee/it,1646,36,0,0
src/melee/it/kinds/itharisen.c,src/melee/it,5929,235,0,0
src/melee/it/kinds/itharisen.h,src/melee/it,2135,45,0,0
src/melee/it/kinds/ithassam.c,src/melee/it,11196,376,0,0
src/melee/it/kinds/ithassam.h,src/melee/it,291,12,0,0
src/melee/it/kinds/itheart.c,src/melee/it,5610,194,0,0
src/melee/it/kinds/itheart.h,src/melee/it,675,19,0,0
src/melee/it/kinds/itheiho.c,src/melee/it,13319,426,0,0
src/melee/it/kinds/itheiho.h,src/melee/it,398,14,0,0
src/melee/it/kinds/ithinoarashi.c,src/melee/it,9101,326,0,0
src/melee/it/kinds/ithinoarashi.h,src/melee/it,1141,30,0,0
src/melee/it/kinds/ithitodeman.c,src/melee/it,11693,465,0,0
src/melee/it/kinds/ithitodeman.h,src/melee/it,1949,45,0,0
src/melee/it/kinds/ithouou.c,src/melee/it,9543,410,0,0
src/melee/it/kinds/ithouou.h,src/melee/it,2078,45,0,0
src/melee/it/kinds/itkabigon.c,src/melee/it,6080,225,0,0
src/melee/it/kinds/itkabigon.h,src/melee/it,1223,29,0,0
src/melee/it/kinds/itkamex.c,src/melee/it,8179,325,0,0
src/melee/it/kinds/itkamex.h,src/melee/it,1860,43,0,0
src/melee/it/kinds/itkinoko.c,src/melee/it,4034,157,0,0
src/melee/it/kinds/itkinoko.h,src/melee/it,899,36,0,0
src/melee/it/kinds/itkirby_2F23.c,src/melee/it,4757,161,0,0
src/melee/it/kinds/itkirby_2F23.h,src/melee/it,969,27,0,0
src/melee/it/kinds/itkirbycutterbeam.c,src/melee/it,7861,245,0,0
src/melee/it/kinds/itkirbycutterbeam.h,src/melee/it,1163,31,0,0
src/melee/it/kinds/itkirbygamewatchchefpan.c,src/melee/it,2509,93,0,0
src/melee/it/kinds/itkirbygamewatchchefpan.h,src/melee/it,840,20,0,0
src/melee/it/kinds/itkirbyhammer.c,src/melee/it,2079,78,0,0
src/melee/it/kinds/itkirbyhammer.h,src/melee/it,704,21,0,0
src/melee/it/kinds/itkirbyyoshispecialn.c,src/melee/it,2408,76,0,0
src/melee/it/kinds/itkirbyyoshispecialn.h,src/melee/it,359,14,0,0
src/melee/it/kinds/itkireihana.c,src/melee/it,8496,290,0,0
src/melee/it/kinds/itkireihana.h,src/melee/it,1669,35,0,0
src/melee/it/kinds/itklap.c,src/melee/it,8056,341,0,0
src/melee/it/kinds/itklap.h,src/melee/it,1516,34,0,0
src/melee/it/kinds/itkoopaflame.c,src/melee/it,11222,329,0,0
src/melee/it/kinds/itkoopaflame.h,src/melee/it,1538,31,0,0
src/melee/it/kinds/itkusudama.c,src/melee/it,18286,712,0,0
src/melee/it/kinds/itkusudama.h,src/melee/it,3049,58,0,0
src/melee/it/kinds/itkyasarin.c,src/melee/it,15209,560,0,0
src/melee/it/kinds/itkyasarin.h,src/melee/it,1977,41,0,0
src/melee/it/kinds/itkyasarinegg.c,src/melee/it,5297,208,0,0
src/melee/it/kinds/itkyasarinegg.h,src/melee/it,1114,30,0,0
src/melee/it/kinds/itleadead.c,src/melee/it,30213,1145,0,0
src/melee/it/kinds/itleadead.h,src/melee/it,4830,90,0,0
src/melee/it/kinds/itlgun.c,src/melee/it,5381,211,0,0
src/melee/it/kinds/itlgun.h,src/melee/it,1002,28,0,0
src/melee/it/kinds/itlgunbeam.c,src/melee/it,9084,291,0,0
src/melee/it/kinds/itlgunbeam.h,src/melee/it,713,20,0,0
src/melee/it/kinds/itlgunray.c,src/melee/it,3580,126,0,0
src/melee/it/kinds/itlgunray.h,src/melee/it,747,21,0,0
src/melee/it/kinds/itlikelike.c,src/melee/it,37802,1383,0,0
src/melee/it/kinds/itlikelike.h,src/melee/it,5529,99,0,0
src/melee/it/kinds/itlinkarrow.c,src/melee/it,26950,863,0,0
src/melee/it/kinds/itlinkarrow.h,src/melee/it,2192,47,0,0
src/melee/it/kinds/itlinkbomb.c,src/melee/it,18344,697,0,0
src/melee/it/kinds/itlinkbomb.h,src/melee/it,2331,51,0,0
src/melee/it/kinds/itlinkboomerang.c,src/melee/it,28354,925,0,0
src/melee/it/kinds/itlinkboomerang.h,src/melee/it,2151,48,0,0
src/melee/it/kinds/itlinkbow.c,src/melee/it,8024,270,0,0
src/melee/it/kinds/itlinkbow.h,src/melee/it,564,17,0,0
src/melee/it/kinds/itlinkhookshot.c,src/melee/it,65317,2273,0,0
src/melee/it/kinds/itlinkhookshot.h,src/melee/it,5791,107,0,0
src/melee/it/kinds/itlipstick.c,src/melee/it,5126,214,0,0
src/melee/it/kinds/itlipstick.h,src/melee/it,2022,42,0,0
src/melee/it/kinds/itlipstickspore.c,src/melee/it,6012,236,0,0
src/melee/it/kinds/itlipstickspore.h,src/melee/it,1525,39,0,0
src/melee/it/kinds/itlizardon.c,src/melee/it,13246,464,0,0
src/melee/it/kinds/itlizardon.h,src/melee/it,2172,47,0,0
src/melee/it/kinds/itlucky.c,src/melee/it,9920,448,0,0
src/melee/it/kinds/itlucky.h,src/melee/it,2497,55,0,0
src/melee/it/kinds/itlugia.c,src/melee/it,14430,555,0,0
src/melee/it/kinds/itlugia.h,src/melee/it,2315,49,0,0
src/melee/it/kinds/itluigifireball.c,src/melee/it,3503,127,0,0
src/melee/it/kinds/itluigifireball.h,src/melee/it,873,23,0,0
src/melee/it/kinds/itmaril.c,src/melee/it,6854,293,0,0
src/melee/it/kinds/itmaril.h,src/melee/it,1696,40,0,0
src/melee/it/kinds/itmariocape.c,src/melee/it,3109,129,0,0
src/melee/it/kinds/itmariocape.h,src/melee/it,796,21,0,0
src/melee/it/kinds/itmariofireball.c,src/melee/it,3260,125,0,0
src/melee/it/kinds/itmariofireball.h,src/melee/it,842,25,0,0
src/melee/it/kinds/itmarumine.c,src/melee/it,10816,394,0,0
src/melee/it/kinds/itmarumine.h,src/melee/it,547,19,0,0
src/melee/it/kinds/itmasterhandbullet.c,src/melee/it,4075,152,0,0
src/melee/it/kinds/itmasterhandbullet.h,src/melee/it,1220,28,0,0
src/melee/it/kinds/itmasterhandlaser.c,src/melee/it,5959,200,0,0
src/melee/it/kinds/itmasterhandlaser.h,src/melee/it,884,22,0,0
src/melee/it/kinds/itmatadogas.c,src/melee/it,6736,265,0,0
src/melee/it/kinds/itmatadogas.h,src/melee/it,1432,33,0,0
src/melee/it/kinds/itmato.c,src/melee/it,1353,64,0,0
src/melee/it/kinds/itmato.h,src/melee/it,509,18,0,0
src/melee/it/kinds/itmball.c,src/melee/it,7530,304,0,0
src/melee/it/kinds/itmball.h,src/melee/it,2200,48,0,0
src/melee/it/kinds/itmetalb.c,src/melee/it,3534,158,0,0
src/melee/it/kinds/itmetalb.h,src/melee/it,1072,32,0,0
src/melee/it/kinds/itmetamon.c,src/melee/it,2605,121,0,0
src/melee/it/kinds/itmetamon.h,src/melee/it,1023,27,0,0
src/melee/it/kinds/itmew.c,src/melee/it,3987,149,0,0
src/melee/it/kinds/itmew.h,src/melee/it,289,12,0,0
src/melee/it/kinds/itmewtwodisable.c,src/melee/it,4533,158,0,0
src/melee/it/kinds/itmewtwodisable.h,src/melee/it,1255,29,0,0
src/melee/it/kinds/itmewtwoshadowball.c,src/melee/it,23657,660,0,0
src/melee/it/kinds/itmewtwoshadowball.h,src/melee/it,2219,43,0,0
src/melee/it/kinds/itmsbomb.c,src/melee/it,7908,330,0,0
src/melee/it/kinds/itmsbomb.h,src/melee/it,2063,43,0,0
src/melee/it/kinds/itnessbat.c,src/melee/it,5214,195,0,0
src/melee/it/kinds/itnessbat.h,src/melee/it,900,22,0,0
src/melee/it/kinds/itnesspkfire.c,src/melee/it,3130,124,0,0
src/melee/it/kinds/itnesspkfire.h,src/melee/it,910,24,0,0
src/melee/it/kinds/itnesspkfirepillar.c,src/melee/it,4808,146,0,0
src/melee/it/kinds/itnesspkfirepillar.h,src/melee/it,811,21,0,0
src/melee/it/kinds/itnesspkflash.c,src/melee/it,12124,382,0,0
src/melee/it/kinds/itnesspkflash.h,src/melee/it,1364,32,0,0
src/melee/it/kinds/itnesspkflashexplode.c,src/melee/it,4834,163,0,0
src/melee/it/kinds/itnesspkflashexplode.h,src/melee/it,954,23,0,0
src/melee/it/kinds/itnesspkthunderball.c,src/melee/it,13156,444,0,0
src/melee/it/kinds/itnesspkthunderball.h,src/melee/it,1196,31,0,0
src/melee/it/kinds/itnesspkthundertrail.c,src/melee/it,4273,152,0,0
src/melee/it/kinds/itnesspkthundertrail.h,src/melee/it,782,21,0,0
src/melee/it/kinds/itnessyoyo.c,src/melee/it,23741,803,0,0
src/melee/it/kinds/itnessyoyo.h,src/melee/it,1628,36,0,0
src/melee/it/kinds/itnokonoko.c,src/melee/it,14585,559,0,0
src/melee/it/kinds/itnokonoko.h,src/melee/it,2718,59,0,0
src/melee/it/kinds/itoctarock.c,src/melee/it,12297,489,0,0
src/melee/it/kinds/itoctarock.h,src/melee/it,2639,54,0,0
src/melee/it/kinds/itoctarockstone.c,src/melee/it,4764,192,0,0
src/melee/it/kinds/itoctarockstone.h,src/melee/it,1390,30,0,0
src/melee/it/kinds/itoldkuri.c,src/melee/it,15288,563,0,0
src/melee/it/kinds/itoldkuri.h,src/melee/it,3311,64,0,0
src/melee/it/kinds/itoldottosea.c,src/melee/it,13350,479,0,0
src/melee/it/kinds/itoldottosea.h,src/melee/it,1788,37,0,0
src/melee/it/kinds/itparasol.c,src/melee/it,6660,256,0,0
src/melee/it/kinds/itparasol.h,src/melee/it,2473,46,0,0
src/melee/it/kinds/itpatapata.c,src/melee/it,16518,575,0,0
src/melee/it/kinds/itpatapata.h,src/melee/it,2077,43,0,0
src/melee/it/kinds/itpeachexplode.c,src/melee/it,1760,75,0,0
src/melee/it/kinds/itpeachexplode.h,src/melee/it,586,17,0,0
src/melee/it/kinds/itpeachparasol.c,src/melee/it,3189,138,0,0
src/melee/it/kinds/itpeachparasol.h,src/melee/it,1081,29,0,0
src/melee/it/kinds/itpeachtoad.c,src/melee/it,3766,162,0,0
src/melee/it/kinds/itpeachtoad.h,src/melee/it,869,23,0,0
src/melee/it/kinds/itpeachtoadspore.c,src/melee/it,3931,154,0,0
src/melee/it/kinds/itpeachtoadspore.h,src/melee/it,1036,25,0,0
src/melee/it/kinds/itpeachturnip.c,src/melee/it,7582,289,0,0
src/melee/it/kinds/itpeachturnip.h,src/melee/it,1530,34,0,0
src/melee/it/kinds/itpikachuthunder.c,src/melee/it,8929,308,0,0
src/melee/it/kinds/itpikachuthunder.h,src/melee/it,1336,30,0,0
src/melee/it/kinds/itpikachutjoltair.c,src/melee/it,8043,288,0,0
src/melee/it/kinds/itpikachutjoltair.h,src/melee/it,1296,30,0,0
src/melee/it/kinds/itpikachutjoltground.c,src/melee/it,12242,404,0,0
src/melee/it/kinds/itpikachutjoltground.h,src/melee/it,1489,32,0,0
src/melee/it/kinds/itpippi.c,src/melee/it,4639,182,0,0
src/melee/it/kinds/itpippi.h,src/melee/it,765,26,0,0
src/melee/it/kinds/itporygon2.c,src/melee/it,2153,92,0,0
src/melee/it/kinds/itporygon2.h,src/melee/it,809,23,0,0
src/melee/it/kinds/itrabbitc.c,src/melee/it,5661,214,0,0
src/melee/it/kinds/itrabbitc.h,src/melee/it,809,23,0,0
src/melee/it/kinds/itraikou.c,src/melee/it,3913,163,0,0
src/melee/it/kinds/itraikou.h,src/melee/it,874,25,0,0
src/melee/it/kinds/itrshell.c,src/melee/it,19477,756,0,0
src/melee/it/kinds/itrshell.h,src/melee/it,3024,61,0,0
src/melee/it/kinds/itsamusbomb.c,src/melee/it,7179,280,0,0
src/melee/it/kinds/itsamusbomb.h,src/melee/it,1690,37,0,0
src/melee/it/kinds/itsamuschargeshot.c,src/melee/it,14067,431,0,0
src/melee/it/kinds/itsamuschargeshot.h,src/melee/it,1703,36,0,0
src/melee/it/kinds/itsamusgrapple.c,src/melee/it,51741,1747,0,0
src/melee/it/kinds/itsamusgrapple.h,src/melee/it,4358,100,0,0
src/melee/it/kinds/itsamusmissile.c,src/melee/it,11940,438,0,0
src/melee/it/kinds/itsamusmissile.h,src/melee/it,1845,48,0,0
src/melee/it/kinds/itscball.c,src/melee/it,4111,163,0,0
src/melee/it/kinds/itscball.h,src/melee/it,733,21,0,0
src/melee/it/kinds/itseakchain.c,src/melee/it,30158,1008,0,0
src/melee/it/kinds/itseakchain.h,src/melee/it,1794,38,0,0
src/melee/it/kinds/itseakneedleheld.c,src/melee/it,3677,145,0,0
src/melee/it/kinds/itseakneedleheld.h,src/melee/it,814,20,0,0
src/melee/it/kinds/itseakneedlethrown.c,src/melee/it,18945,572,0,0
src/melee/it/kinds/itseakneedlethrown.h,src/melee/it,2267,48,0,0
src/melee/it/kinds/itseakvanish.c,src/melee/it,1457,62,0,0
src/melee/it/kinds/itseakvanish.h,src/melee/it,586,19,0,0
src/melee/it/kinds/itsonans.c,src/melee/it,6472,228,0,0
src/melee/it/kinds/itsonans.h,src/melee/it,1152,29,0,0
src/melee/it/kinds/itspycloak.c,src/melee/it,3926,145,0,0
src/melee/it/kinds/itspycloak.h,src/melee/it,489,15,0,0
src/melee/it/kinds/itsscope.c,src/melee/it,6195,277,0,0
src/melee/it/kinds/itsscope.h,src/melee/it,2092,45,0,0
src/melee/it/kinds/itsscopebeam.c,src/melee/it,6242,214,0,0
src/melee/it/kinds/itsscopebeam.h,src/melee/it,1010,25,0,0
src/melee/it/kinds/itstar.c,src/melee/it,2426,90,0,0
src/melee/it/kinds/itstar.h,src/melee/it,642,20,0,0
src/melee/it/kinds/itstarrod.c,src/melee/it,4946,214,0,0
src/melee/it/kinds/itstarrod.h,src/melee/it,1957,41,0,0
src/melee/it/kinds/itstarrodstar.c,src/melee/it,3638,144,0,0
src/melee/it/kinds/itstarrodstar.h,src/melee/it,994,24,0,0
src/melee/it/kinds/itsuikun.c,src/melee/it,3898,162,0,0
src/melee/it/kinds/itsuikun.h,src/melee/it,705,25,0,0
src/melee/it/kinds/itsword.c,src/melee/it,16066,531,0,0
src/melee/it/kinds/itsword.h,src/melee/it,1457,34,0,0
src/melee/it/kinds/ittaru.c,src/melee/it,19633,704,0,0
src/melee/it/kinds/ittaru.h,src/melee/it,2556,52,0,0
src/melee/it/kinds/ittarucann.c,src/melee/it,20440,717,0,0
src/melee/it/kinds/ittarucann.h,src/melee/it,2681,53,0,0
src/melee/it/kinds/itthunder.c,src/melee/it,5004,190,0,0
src/melee/it/kinds/itthunder.h,src/melee/it,1044,25,0,0
src/melee/it/kinds/ittincle.c,src/melee/it,20958,835,0,0
src/melee/it/kinds/ittincle.h,src/melee/it,3524,69,0,0
src/melee/it/kinds/ittogepy.c,src/melee/it,4944,189,0,0
src/melee/it/kinds/ittogepy.h,src/melee/it,787,26,0,0
src/melee/it/kinds/ittomato.c,src/melee/it,5958,212,0,0
src/melee/it/kinds/ittomato.h,src/melee/it,658,18,0,0
src/melee/it/kinds/ittools.c,src/melee/it,8656,327,0,0
src/melee/it/kinds/ittools.h,src/melee/it,1198,28,0,0
src/melee/it/kinds/ittosakinto.c,src/melee/it,4881,179,0,0
src/melee/it/kinds/ittosakinto.h,src/melee/it,1061,25,0,0
src/melee/it/kinds/itunknown.c,src/melee/it,9619,322,0,0
src/melee/it/kinds/itunknown.h,src/melee/it,1384,33,0,0
src/melee/it/kinds/itwhispyapple.c,src/melee/it,9770,400,0,0
src/melee/it/kinds/itwhispyapple.h,src/melee/it,2104,43,0,0
src/melee/it/kinds/itwhitebea.c,src/melee/it,22043,857,0,0
src/melee/it/kinds/itwhitebea.h,src/melee/it,4381,82,0,0
src/melee/it/kinds/itwstar.c,src/melee/it,6688,250,0,0
src/melee/it/kinds/itwstar.h,src/melee/it,1750,38,0,0
src/melee/it/kinds/ityaku.c,src/melee/it,7076,220,0,0
src/melee/it/kinds/ityaku.h,src/melee/it,819,22,0,0
src/melee/it/kinds/ityoshiegglay.c,src/melee/it,4525,180,0,0
src/melee/it/kinds/ityoshiegglay.h,src/melee/it,1001,27,0,0
src/melee/it/kinds/ityoshieggthrow.c,src/melee/it,4719,201,0,0
src/melee/it/kinds/ityoshieggthrow.h,src/melee/it,1185,29,0,0
src/melee/it/kinds/ityoshistar.c,src/melee/it,2649,113,0,0
src/melee/it/kinds/ityoshistar.h,src/melee/it,909,26,0,0
src/melee/it/kinds/ityoshitongue.c,src/melee/it,2232,75,0,0
src/melee/it/kinds/ityoshitongue.h,src/melee/it,361,14,0,0
src/melee/it/kinds/itzeldadinfire.c,src/melee/it,10257,320,0,0
src/melee/it/kinds/itzeldadinfire.h,src/melee/it,1340,30,0,0
src/melee/it/kinds/itzeldadinfireexplode.c,src/melee/it,4854,162,0,0
src/melee/it/kinds/itzeldadinfireexplode.h,src/melee/it,998,23,0,0
src/melee/it/kinds/itzgshell.c,src/melee/it,27835,966,0,0
src/melee/it/kinds/itzgshell.h,src/melee/it,3350,70,0,0
src/melee/it/kinds/itzrshell.c,src/melee/it,3687,133,0,0
src/melee/it/kinds/itzrshell.h,src/melee/it,834,26,0,0
src/melee/it/kinds/types.h,src/melee/it,936,52,0,0
src/melee/it/types.h,src/melee/it,24414,876,0,0
src/melee/lb/forward.h,src/melee/lb,3953,138,0,0
src/melee/lb/inlines.h,src/melee/lb,1093,28,0,0
src/melee/lb/lb_00B0.c,src/melee/lb,20376,759,0,0
src/melee/lb/lb_00B0.h,src/melee/lb,2527,55,0,0
src/melee/lb/lb_00CE.c,src/melee/lb,5295,217,0,0
src/melee/lb/lb_00CE.h,src/melee/lb,266,11,0,0
src/melee/lb/lb_00F9.c,src/melee/lb,39418,1098,0,0
src/melee/lb/lb_00F9.h,src/melee/lb,1436,37,0,0
src/melee/lb/lb_013B.c,src/melee/lb,8208,262,0,0
src/melee/lb/lb_013B.h,src/melee/lb,440,17,0,0
src/melee/lb/lb_0146.c,src/melee/lb,4978,154,0,0
src/melee/lb/lb_0146.h,src/melee/lb,466,17,0,0
src/melee/lb/lb_0192.c,src/melee/lb,5592,190,0,0
src/melee/lb/lb_0192.h,src/melee/lb,133,8,0,0
src/melee/lb/lb_0195.c,src/melee/lb,3977,191,0,0
src/melee/lb/lb_0195.h,src/melee/lb,506,18,0,0
src/melee/lb/lb_01F8.c,src/melee/lb,4295,119,0,0
src/melee/lb/lb_020A.c,src/melee/lb,11213,415,0,0
src/melee/lb/lb_020A.h,src/melee/lb,507,21,0,0
src/melee/lb/lb_0219.c,src/melee/lb,3198,120,0,0
src/melee/lb/lb_0219.h,src/melee/lb,526,21,0,0
src/melee/lb/lbanim.c,src/melee/lb,3981,145,0,0
src/melee/lb/lbanim.h,src/melee/lb,900,38,0,0
src/melee/lb/lbarchive.c,src/melee/lb,6928,264,0,0
src/melee/lb/lbarchive.h,src/melee/lb,2700,52,0,0
src/melee/lb/lbarq.c,src/melee/lb,4483,173,0,0
src/melee/lb/lbarq.h,src/melee/lb,227,11,0,0
src/melee/lb/lbaudio_ax.c,src/melee/lb,72335,2597,0,0
src/melee/lb/lbaudio_ax.h,src/melee/lb,2887,98,0,0
src/melee/lb/lbbgflash.c,src/melee/lb,14222,503,1,0
src/melee/lb/lbbgflash.h,src/melee/lb,791,26,0,0
src/melee/lb/lbcardgame.c,src/melee/lb,8881,344,0,0
src/melee/lb/lbcardgame.h,src/melee/lb,920,32,0,0
src/melee/lb/lbcardnew.c,src/melee/lb,36432,1226,0,0
src/melee/lb/lbcardnew.h,src/melee/lb,2964,70,0,0
src/melee/lb/lbcollision.c,src/melee/lb,99082,2677,0,0
src/melee/lb/lbcollision.h,src/melee/lb,4959,123,0,0
src/melee/lb/lbcommand.c,src/melee/lb,2181,98,0,0
src/melee/lb/lbcommand.h,src/melee/lb,588,21,0,0
src/melee/lb/lbdvd.c,src/melee/lb,23073,841,0,0
src/melee/lb/lbdvd.h,src/melee/lb,1583,37,0,0
src/melee/lb/lbfile.c,src/melee/lb,4845,176,0,0
src/melee/lb/lbfile.h,src/melee/lb,1732,51,0,0
src/melee/lb/lbgx.c,src/melee/lb,2965,85,0,0
src/melee/lb/lbgx.h,src/melee/lb,175,10,0,0
src/melee/lb/lbheap.c,src/melee/lb,9944,331,0,0
src/melee/lb/lbheap.h,src/melee/lb,1198,36,0,0
src/melee/lb/lblanguage.c,src/melee/lb,1110,50,0,0
src/melee/lb/lblanguage.h,src/melee/lb,491,21,0,0
src/melee/lb/lbmemory.c,src/melee/lb,8609,321,0,0
src/melee/lb/lbmemory.h,src/melee/lb,989,33,0,0
src/melee/lb/lbmthp.c,src/melee/lb,19805,660,0,0
src/melee/lb/lbmthp.h,src/melee/lb,735,25,0,0
src/melee/lb/lbrefract.c,src/melee/lb,19145,679,0,0
src/melee/lb/lbrefract.h,src/melee/lb,1031,40,0,0
src/melee/lb/lbshadow.c,src/melee/lb,17795,570,0,0
src/melee/lb/lbshadow.h,src/melee/lb,600,20,0,0
src/melee/lb/lbsnap.c,src/melee/lb,12687,479,0,0
src/melee/lb/lbsnap.h,src/melee/lb,1087,31,0,0
src/melee/lb/lbspdisplay.c,src/melee/lb,21938,735,0,0
src/melee/lb/lbspdisplay.h,src/melee/lb,1596,35,0,0
src/melee/lb/lbtime.c,src/melee/lb,1270,66,0,0
src/melee/lb/lbtime.h,src/melee/lb,368,15,0,0
src/melee/lb/lbtrigf.c,src/melee/lb,6255,243,0,0
src/melee/lb/lbtrigf.h,src/melee/lb,56,4,0,0
src/melee/lb/lbvector.c,src/melee/lb,15598,524,0,0
src/melee/lb/lbvector.h,src/melee/lb,1726,51,0,0
src/melee/lb/types.h,src/melee/lb,26912,1050,0,0
src/melee/mn/forward.h,src/melee/mn,6435,221,0,0
src/melee/mn/inlines.h,src/melee/mn,2761,97,0,0
src/melee/mn/mn_22EC.c,src/melee/mn,9431,337,0,0
src/melee/mn/mncharsel.c,src/melee/mn,221338,5490,0,0
src/melee/mn/mncharsel.h,src/melee/mn,2018,54,0,0
src/melee/mn/mncount.c,src/melee/mn,25397,841,0,0
src/melee/mn/mncount.h,src/melee/mn,3560,87,0,0
src/melee/mn/mndatadel.c,src/melee/mn,31552,959,0,0
src/melee/mn/mndatadel.h,src/melee/mn,697,20,0,0
src/melee/mn/mndeflicker.c,src/melee/mn,6557,193,0,0
src/melee/mn/mndeflicker.h,src/melee/mn,353,11,0,0
src/melee/mn/mndiagram.c,src/melee/mn,83968,2544,0,0
src/melee/mn/mndiagram.h,src/melee/mn,5904,127,0,0
src/melee/mn/mndiagram2.c,src/melee/mn,42503,1312,0,0
src/melee/mn/mndiagram2.h,src/melee/mn,2362,56,0,0
src/melee/mn/mndiagram3.c,src/melee/mn,26949,780,0,0
src/melee/mn/mndiagram3.h,src/melee/mn,694,19,0,0
src/melee/mn/mnevent.c,src/melee/mn,21769,733,0,0
src/melee/mn/mnevent.h,src/melee/mn,1174,34,0,0
src/melee/mn/mngallery.c,src/melee/mn,15278,509,0,0
src/melee/mn/mngallery.h,src/melee/mn,667,20,0,0
src/melee/mn/mnhyaku.c,src/melee/mn,6845,229,0,0
src/melee/mn/mnhyaku.h,src/melee/mn,452,20,0,0
src/melee/mn/mninfo.c,src/melee/mn,16608,571,0,0
src/melee/mn/mninfo.h,src/melee/mn,819,23,0,0
src/melee/mn/mninfobonus.c,src/melee/mn,12541,359,0,0
src/melee/mn/mninfobonus.h,src/melee/mn,388,13,0,0
src/melee/mn/mnitemsw.c,src/melee/mn,28543,909,0,0
src/melee/mn/mnitemsw.h,src/melee/mn,981,31,0,0
src/melee/mn/mnlanguage.c,src/melee/mn,7148,220,0,0
src/melee/mn/mnlanguage.h,src/melee/mn,321,13,0,0
src/melee/mn/mnmain.c,src/melee/mn,94354,3047,0,0
src/melee/mn/mnmain.h,src/melee/mn,5354,139,0,0
src/melee/mn/mnmainrule.c,src/melee/mn,49491,1504,0,0
src/melee/mn/mnmainrule.h,src/melee/mn,1698,53,0,0
src/melee/mn/mnname.c,src/melee/mn,54136,1800,0,0
src/melee/mn/mnname.h,src/melee/mn,2176,55,0,0
src/melee/mn/mnnamenew.c,src/melee/mn,62390,1986,0,0
src/melee/mn/mnnamenew.h,src/melee/mn,1817,40,0,0
src/melee/mn/mnruleplus.c,src/melee/mn,33838,1054,0,0
src/melee/mn/mnruleplus.h,src/melee/mn,1814,62,0,0
src/melee/mn/mnsnap.c,src/melee/mn,94198,2587,0,0
src/melee/mn/mnsnap.h,src/melee/mn,1068,27,0,0
src/melee/mn/mnsound.c,src/melee/mn,13115,384,0,0
src/melee/mn/mnsound.h,src/melee/mn,286,11,0,0
src/melee/mn/mnsoundtest.c,src/melee/mn,28989,867,0,0
src/melee/mn/mnsoundtest.h,src/melee/mn,819,20,0,0
src/melee/mn/mnstagesel.c,src/melee/mn,32010,923,0,0
src/melee/mn/mnstagesel.h,src/melee/mn,1616,48,0,0
src/melee/mn/mnstagesw.c,src/melee/mn,24565,788,0,0
src/melee/mn/mnstagesw.h,src/melee/mn,113,6,0,0
src/melee/mn/mnvibration.c,src/melee/mn,36980,1126,0,0
src/melee/mn/mnvibration.h,src/melee/mn,1399,34,0,0
src/melee/mn/types.h,src/melee/mn,24191,737,0,0
src/melee/mp/forward.h,src/melee/mp,3827,122,0,0
src/melee/mp/mpcoll.c,src/melee/mp,150636,4552,0,0
src/melee/mp/mpcoll.h,src/melee/mp,6936,131,0,0
src/melee/mp/mpisland.c,src/melee/mp,17341,629,0,0
src/melee/mp/mpisland.h,src/melee/mp,1062,24,0,0
src/melee/mp/mplib.c,src/melee/mp,246268,7163,0,0
src/melee/mp/mplib.h,src/melee/mp,12282,223,0,0
src/melee/mp/types.h,src/melee/mp,3218,142,0,0
src/melee/pl/forward.h,src/melee/pl,6378,189,0,0
src/melee/pl/inlines.h,src/melee/pl,621,31,0,0
src/melee/pl/pl_040D.c,src/melee/pl,9384,346,0,0
src/melee/pl/pl_040D.h,src/melee/pl,1142,31,0,0
src/melee/pl/plattack.c,src/melee/pl,1481,73,0,0
src/melee/pl/plattack.h,src/melee/pl,219,10,0,0
src/melee/pl/player.c,src/melee/pl,51355,2106,0,0
src/melee/pl/player.h,src/melee/pl,11540,321,0,0
src/melee/pl/plbonus.c,src/melee/pl,38303,1254,0,0
src/melee/pl/plbonus.h,src/melee/pl,1065,31,0,0
src/melee/pl/plbonusinline.h,src/melee/pl,261,12,0,0
src/melee/pl/plbonuslib.c,src/melee/pl,46684,1667,0,0
src/melee/pl/plbonuslib.h,src/melee/pl,4361,102,0,0
src/melee/pl/plstale.c,src/melee/pl,2870,98,0,0
src/melee/pl/plstale.h,src/melee/pl,416,14,0,0
src/melee/pl/pltrick.c,src/melee/pl,14199,470,0,0
src/melee/pl/pltrick.h,src/melee/pl,979,27,0,0
src/melee/pl/types.h,src/melee/pl,10567,376,0,0
src/melee/sc/forward.h,src/melee/sc,242,9,0,0
src/melee/sc/types.h,src/melee/sc,1256,46,0,0
src/melee/sfx/crowdsfx.c,src/melee/sfx,6360,293,0,0
src/melee/sfx/crowdsfx.h,src/melee/sfx,2976,80,0,0
src/melee/sfx/crowdsfx_1.c,src/melee/sfx,2930,129,0,0
src/melee/sfx/sfx_unk.c,src/melee/sfx,631,27,0,0
src/melee/ty/forward.h,src/melee/ty,2315,61,0,0
src/melee/ty/inlines.h,src/melee/ty,223,10,0,0
src/melee/ty/toy.c,src/melee/ty,198761,6512,0,0
src/melee/ty/toy.h,src/melee/ty,3328,81,0,0
src/melee/ty/tydisplay.c,src/melee/ty,74286,2527,0,0
src/melee/ty/tydisplay.h,src/melee/ty,691,21,0,0
src/melee/ty/tyfigupon.c,src/melee/ty,51147,1578,0,0
src/melee/ty/tyfigupon.h,src/melee/ty,236,10,0,0
src/melee/ty/tylist.c,src/melee/ty,32410,1080,0,0
src/melee/ty/tylist.h,src/melee/ty,100,6,0,0
src/melee/ty/types.h,src/melee/ty,13129,603,0,0
src/melee/vi/forward.h,src/melee/vi,109,6,0,0
src/melee/vi/types.h,src/melee/vi,373,17,0,0
src/melee/vi/vi.c,src/melee/vi,1667,59,0,0
src/melee/vi/vi.h,src/melee/vi,899,31,0,0
src/melee/vi/vi0102.c,src/melee/vi,5066,176,0,0
src/melee/vi/vi0102.h,src/melee/vi,455,14,0,0
src/melee/vi/vi0401.c,src/melee/vi,6493,212,0,0
src/melee/vi/vi0401.h,src/melee/vi,328,12,0,0
src/melee/vi/vi0402.c,src/melee/vi,2876,102,0,0
src/melee/vi/vi0402.h,src/melee/vi,325,12,0,0
src/melee/vi/vi0501.c,src/melee/vi,7121,232,0,0
src/melee/vi/vi0501.h,src/melee/vi,568,16,0,0
src/melee/vi/vi0502.c,src/melee/vi,6477,222,0,0
src/melee/vi/vi0502.h,src/melee/vi,495,15,0,0
src/melee/vi/vi0601.c,src/melee/vi,5081,182,0,0
src/melee/vi/vi0601.h,src/melee/vi,384,13,0,0
src/melee/vi/vi0801.c,src/melee/vi,5090,167,0,0
src/melee/vi/vi0801.h,src/melee/vi,343,12,0,0
src/melee/vi/vi1101.c,src/melee/vi,6980,227,0,0
src/melee/vi/vi1101.h,src/melee/vi,384,12,0,0
src/melee/vi/vi1201v1.c,src/melee/vi,8651,301,0,0
src/melee/vi/vi1201v1.h,src/melee/vi,652,19,0,0
src/melee/vi/vi1201v2.c,src/melee/vi,9383,327,0,0
src/melee/vi/vi1201v2.h,src/melee/vi,762,21,0,0
src/melee/vi/vi1202.c,src/melee/vi,5295,183,0,0
src/melee/vi/vi1202.h,src/melee/vi,444,15,0,0
src/MetroTRK/__exception.h,src/MetroTRK,146,8,0,0
src/MetroTRK/__exception.s,src/MetroTRK,3180,156,0,0
src/MetroTRK/dispatch.c,src/MetroTRK,1392,65,0,0
src/MetroTRK/dispatch.h,src/MetroTRK,250,10,0,0
src/MetroTRK/dolphin_trk.c,src/MetroTRK,4060,161,0,0
src/MetroTRK/dolphin_trk.h,src/MetroTRK,315,14,0,0
src/MetroTRK/dolphin_trk_glue.c,src/MetroTRK,3788,136,0,0
src/MetroTRK/dolphin_trk_glue.h,src/MetroTRK,1292,43,0,0
src/MetroTRK/dserror.h,src/MetroTRK,635,24,0,0
src/MetroTRK/flush_cache.c,src/MetroTRK,543,25,0,0
src/MetroTRK/flush_cache.h,src/MetroTRK,160,8,0,0
src/MetroTRK/intrinsics.h,src/MetroTRK,437,19,0,0
src/MetroTRK/m7xx_m603e_reg.h,src/MetroTRK,3012,104,0,0
src/MetroTRK/main_TRK.c,src/MetroTRK,364,23,0,0
src/MetroTRK/main_TRK.h,src/MetroTRK,159,9,0,0
src/MetroTRK/mainloop.c,src/MetroTRK,1441,61,0,0
src/MetroTRK/mainloop.h,src/MetroTRK,238,11,0,0
src/MetroTRK/mem_TRK.c,src/MetroTRK,1694,82,0,0
src/MetroTRK/mem_TRK.h,src/MetroTRK,278,10,0,0
src/MetroTRK/memmap.h,src/MetroTRK,395,16,0,0
src/MetroTRK/mpc_7xx_603e.c,src/MetroTRK,7927,285,0,0
src/MetroTRK/mpc_7xx_603e.h,src/MetroTRK,198,9,0,0
src/MetroTRK/msg.c,src/MetroTRK,157,8,0,0
src/MetroTRK/msg.h,src/MetroTRK,324,16,0,0
src/MetroTRK/msgbuf.c,src/MetroTRK,8844,368,0,0
src/MetroTRK/msgbuf.h,src/MetroTRK,2832,73,0,0
src/MetroTRK/msgcmd.h,src/MetroTRK,8695,294,0,0
src/MetroTRK/msghndlr.c,src/MetroTRK,17422,725,0,0
src/MetroTRK/msghndlr.h,src/MetroTRK,1578,47,0,0
src/MetroTRK/mutex_TRK.c,src/MetroTRK,246,18,0,0
src/MetroTRK/mutex_TRK.h,src/MetroTRK,251,12,0,0
src/MetroTRK/notify.c,src/MetroTRK,785,37,0,0
src/MetroTRK/notify.h,src/MetroTRK,173,10,0,0
src/MetroTRK/nubevent.c,src/MetroTRK,2004,89,0,0
src/MetroTRK/nubevent.h,src/MetroTRK,791,33,0,0
src/MetroTRK/nubinit.c,src/MetroTRK,1811,90,0,0
src/MetroTRK/nubinit.h,src/MetroTRK,279,15,0,0
src/MetroTRK/ppc_except.h,src/MetroTRK,1967,50,0,0
src/MetroTRK/ppc_mem.h,src/MetroTRK,613,21,0,0
src/MetroTRK/ppc_reg.h,src/MetroTRK,5034,229,0,0
src/MetroTRK/ppc_targimpl.h,src/MetroTRK,1886,62,0,0
src/MetroTRK/serpoll.c,src/MetroTRK,1860,85,0,0
src/MetroTRK/serpoll.h,src/MetroTRK,760,33,0,0
src/MetroTRK/support.c,src/MetroTRK,5645,196,0,0
src/MetroTRK/support.h,src/MetroTRK,544,16,0,0
src/MetroTRK/targcont.c,src/MetroTRK,246,13,0,0
src/MetroTRK/targcont.h,src/MetroTRK,139,8,0,0
src/MetroTRK/target_options.h,src/MetroTRK,169,9,0,0
src/MetroTRK/targimpl.c,src/MetroTRK,30760,1148,0,0
src/MetroTRK/targimpl.h,src/MetroTRK,2484,72,0,0
src/MetroTRK/targsupp.h,src/MetroTRK,285,11,0,0
src/MetroTRK/trk.h,src/MetroTRK,60,4,0,0
src/MetroTRK/usr_put.c,src/MetroTRK,96,5,0,0
src/MetroTRK/usr_put.h,src/MetroTRK,142,7,0,0
src/MSL/abort_exit.c,src/MSL,1175,48,0,0
src/MSL/abort_exit.h,src/MSL,86,6,0,0
src/MSL/ansi_files.c,src/MSL,1474,101,0,0
src/MSL/ansi_fp.c,src/MSL,3460,163,0,0
src/MSL/ansi_fp.h,src/MSL,441,25,0,0
src/MSL/buffer_io.c,src/MSL,924,35,0,0
src/MSL/buffer_io.h,src/MSL,429,17,0,0
src/MSL/console_io.h,src/MSL,334,13,0,0
src/MSL/ctype.c,src/MSL,4797,93,0,0
src/MSL/ctype.h,src/MSL,1340,50,0,0
src/MSL/direct_io.c,src/MSL,3210,116,0,0
src/MSL/errno.c,src/MSL,34,3,0,0
src/MSL/errno.h,src/MSL,296,20,0,0
src/MSL/float.c,src/MSL,88,2,0,0
src/MSL/limits.h,src/MSL,2885,141,0,0
src/MSL/math.c,src/MSL,4072,113,0,0
src/MSL/math.h,src/MSL,2191,97,0,0
src/MSL/math_1.c,src/MSL,687,33,0,0
src/MSL/math_data.c,src/MSL,4438,76,0,0
src/MSL/math_ppc.h,src/MSL,1363,50,0,0
src/MSL/mbstring.c,src/MSL,388,18,0,0
src/MSL/mem.c,src/MSL,1770,84,0,0
src/MSL/mem_funcs.c,src/MSL,5025,239,0,0
src/MSL/mem_funcs.h,src/MSL,402,13,0,0
src/MSL/misc_io.c,src/MSL,60,3,0,0
src/MSL/PPC_EABI/critical_regions.gamecube.c,src/MSL,97,6,0,0
src/MSL/PPC_EABI/critical_regions.gamecube.h,src/MSL,149,6,0,0
src/MSL/printf.c,src/MSL,26320,1090,0,0
src/MSL/printf.h,src/MSL,56,4,0,0
src/MSL/rand.c,src/MSL,230,15,0,0
src/MSL/setjmp.h,src/MSL,114,6,0,0
src/MSL/stdarg.h,src/MSL,550,25,0,0
src/MSL/stdbool.h,src/MSL,383,16,0,0
src/MSL/stddef.h,src/MSL,402,22,0,0
src/MSL/stdio.h,src/MSL,3104,136,0,0
src/MSL/stdlib.h,src/MSL,600,29,0,0
src/MSL/string.c,src/MSL,7955,322,0,0
src/MSL/string.h,src/MSL,649,20,0,0
src/MSL/strtoul.c,src/MSL,5139,214,0,0
src/MSL/strtoul.h,src/MSL,499,18,0,0
src/MSL/sys/types.h,src/MSL,123,7,0,0
src/MSL/trigf.c,src/MSL,2982,117,0,0
src/MSL/uart_console_io.c,src/MSL,1533,71,0,0
src/MSL/wchar.h,src/MSL,108,8,0,0
src/MSL/wchar_io.c,src/MSL,609,29,0,0
src/Runtime/__init_cpp_exceptions.c,src/Runtime,897,39,1,0
src/Runtime/__init_cpp_exceptions.h,src/Runtime,200,8,0,0
src/Runtime/__mem.c,src/Runtime,1607,91,0,0
src/Runtime/__va_arg.c,src/Runtime,1406,59,0,0
src/Runtime/eabi_save_restore.s,src/Runtime,1916,107,0,0
src/Runtime/Gecko_ExceptionPPC.c,src/Runtime,835,41,0,0
src/Runtime/Gecko_ExceptionPPC.h,src/Runtime,371,14,0,0
src/Runtime/Gecko_setjmp.c,src/Runtime,1953,77,0,0
src/Runtime/Gecko_setjmp.h,src/Runtime,1013,37,0,0
src/Runtime/global_destructor_chain.c,src/Runtime,628,23,0,0
src/Runtime/global_destructor_chain.h,src/Runtime,134,6,0,0
src/Runtime/platform.h,src/Runtime,4856,182,1,0
src/Runtime/runtime.c,src/Runtime,12205,584,0,0
src/Runtime/runtime.h,src/Runtime,519,21,0,0
src/sysdolphin/baselib/aobj.c,src/sysdolphin,14781,542,0,0
src/sysdolphin/baselib/aobj.h,src/sysdolphin,2814,105,0,0
src/sysdolphin/baselib/archive.c,src/sysdolphin,3428,119,0,0
src/sysdolphin/baselib/archive.h,src/sysdolphin,2274,70,0,0
src/sysdolphin/baselib/axdriver.c,src/sysdolphin,37343,1363,0,0
src/sysdolphin/baselib/axdriver.h,src/sysdolphin,3311,87,0,0
src/sysdolphin/baselib/bytecode.c,src/sysdolphin,18900,534,0,0
src/sysdolphin/baselib/bytecode.h,src/sysdolphin,186,8,0,0
src/sysdolphin/baselib/card.c,src/sysdolphin,181268,5554,0,0
src/sysdolphin/baselib/card.h,src/sysdolphin,11999,331,0,0
src/sysdolphin/baselib/class.c,src/sysdolphin,14420,513,0,0
src/sysdolphin/baselib/class.h,src/sysdolphin,2926,95,0,0
src/sysdolphin/baselib/cobj.c,src/sysdolphin,36908,1386,0,0
src/sysdolphin/baselib/cobj.h,src/sysdolphin,7517,229,0,0
src/sysdolphin/baselib/controller.c,src/sysdolphin,16499,590,0,0
src/sysdolphin/baselib/controller.h,src/sysdolphin,3299,133,0,0
src/sysdolphin/baselib/crypt.c,src/sysdolphin,6060,206,0,0
src/sysdolphin/baselib/crypt.h,src/sysdolphin,406,15,0,0
src/sysdolphin/baselib/debug.c,src/sysdolphin,1371,63,0,0
src/sysdolphin/baselib/debug.h,src/sysdolphin,1688,38,0,0
src/sysdolphin/baselib/debugconsole_main.c,src/sysdolphin,73037,2806,0,0
src/sysdolphin/baselib/debugconsole_main.h,src/sysdolphin,1855,51,0,0
src/sysdolphin/baselib/devcom.c,src/sysdolphin,16018,524,0,0
src/sysdolphin/baselib/devcom.h,src/sysdolphin,570,17,0,0
src/sysdolphin/baselib/displayfunc.c,src/sysdolphin,17609,611,0,0
src/sysdolphin/baselib/displayfunc.h,src/sysdolphin,1445,45,0,0
src/sysdolphin/baselib/dobj.c,src/sysdolphin,7961,341,0,0
src/sysdolphin/baselib/dobj.h,src/sysdolphin,2497,73,0,0
src/sysdolphin/baselib/fobj.c,src/sysdolphin,11989,498,0,0
src/sysdolphin/baselib/fobj.h,src/sysdolphin,2443,96,0,0
src/sysdolphin/baselib/fog.c,src/sysdolphin,6637,255,0,0
src/sysdolphin/baselib/fog.h,src/sysdolphin,1641,66,0,0
src/sysdolphin/baselib/forward.h,src/sysdolphin,6602,186,0,0
src/sysdolphin/baselib/generator.c,src/sysdolphin,39004,1237,0,0
src/sysdolphin/baselib/generator.h,src/sysdolphin,1513,40,0,0
src/sysdolphin/baselib/gobj.c,src/sysdolphin,5568,187,0,0
src/sysdolphin/baselib/gobj.h,src/sysdolphin,4140,137,0,0
src/sysdolphin/baselib/gobjgxlink.c,src/sysdolphin,3873,141,0,0
src/sysdolphin/baselib/gobjgxlink.h,src/sysdolphin,747,21,0,0
src/sysdolphin/baselib/gobjinit.c,src/sysdolphin,2579,90,0,0
src/sysdolphin/baselib/gobjobject.c,src/sysdolphin,1026,44,0,0
src/sysdolphin/baselib/gobjobject.h,src/sysdolphin,436,15,0,0
src/sysdolphin/baselib/gobjplink.c,src/sysdolphin,5565,198,0,0
src/sysdolphin/baselib/gobjplink.h,src/sysdolphin,566,19,0,0
src/sysdolphin/baselib/gobjproc.c,src/sysdolphin,5906,188,0,0
src/sysdolphin/baselib/gobjproc.h,src/sysdolphin,974,28,0,0
src/sysdolphin/baselib/gobjuserdata.c,src/sysdolphin,699,25,0,0
src/sysdolphin/baselib/gobjuserdata.h,src/sysdolphin,341,14,0,0
src/sysdolphin/baselib/hash.c,src/sysdolphin,1327,50,0,0
src/sysdolphin/baselib/hash.h,src/sysdolphin,794,37,0,0
src/sysdolphin/baselib/hsd_3910.c,src/sysdolphin,1870,85,0,0
src/sysdolphin/baselib/hsd_3915.c,src/sysdolphin,16296,551,0,0
src/sysdolphin/baselib/hsd_3915.h,src/sysdolphin,1140,26,0,0
src/sysdolphin/baselib/hsd_3924.c,src/sysdolphin,6998,248,0,0
src/sysdolphin/baselib/hsd_3924.h,src/sysdolphin,275,11,0,0
src/sysdolphin/baselib/hsd_392A.c,src/sysdolphin,5994,196,0,0
src/sysdolphin/baselib/hsd_392A.h,src/sysdolphin,176,8,0,0
src/sysdolphin/baselib/hsd_392C.c,src/sysdolphin,7934,306,0,0
src/sysdolphin/baselib/hsd_392C.h,src/sysdolphin,271,12,0,0
src/sysdolphin/baselib/hsd_3933.c,src/sysdolphin,10221,362,0,0
src/sysdolphin/baselib/hsd_3933.h,src/sysdolphin,1242,45,0,0
src/sysdolphin/baselib/hsd_393C.c,src/sysdolphin,8142,334,0,0
src/sysdolphin/baselib/hsd_393C.h,src/sysdolphin,739,21,0,0
src/sysdolphin/baselib/hsd_397E.c,src/sysdolphin,5164,228,69,0
src/sysdolphin/baselib/hsd_397E.h,src/sysdolphin,161,8,0,0
src/sysdolphin/baselib/hsd_3982.c,src/sysdolphin,1312,55,0,0
src/sysdolphin/baselib/hsd_3982.h,src/sysdolphin,275,11,0,0
src/sysdolphin/baselib/hsd_3A64.c,src/sysdolphin,13744,493,0,0
src/sysdolphin/baselib/hsd_3A76.c,src/sysdolphin,56741,1225,0,0
src/sysdolphin/baselib/hsd_3B33.c,src/sysdolphin,732,35,0,0
src/sysdolphin/baselib/hsd_3B33.h,src/sysdolphin,218,9,0,0
src/sysdolphin/baselib/hsd_3B34.c,src/sysdolphin,42984,1123,0,0
src/sysdolphin/baselib/hsd_3B34.h,src/sysdolphin,1153,39,0,0
src/sysdolphin/baselib/hsd_3B5C.c,src/sysdolphin,34774,893,0,0
src/sysdolphin/baselib/id.c,src/sysdolphin,2594,127,0,0
src/sysdolphin/baselib/id.h,src/sysdolphin,850,33,0,0
src/sysdolphin/baselib/initialize.c,src/sysdolphin,10303,369,0,0
src/sysdolphin/baselib/initialize.h,src/sysdolphin,1222,45,0,0
src/sysdolphin/baselib/jobj.c,src/sysdolphin,45393,1578,0,0
src/sysdolphin/baselib/jobj.h,src/sysdolphin,21275,758,0,0
src/sysdolphin/baselib/leak.c,src/sysdolphin,5159,169,0,0
src/sysdolphin/baselib/leak.h,src/sysdolphin,77,6,0,0
src/sysdolphin/baselib/list.c,src/sysdolphin,1776,91,0,0
src/sysdolphin/baselib/list.h,src/sysdolphin,785,27,0,0
src/sysdolphin/baselib/lobj.c,src/sysdolphin,27025,1082,0,0
src/sysdolphin/baselib/lobj.h,src/sysdolphin,6213,206,0,0
src/sysdolphin/baselib/memory.c,src/sysdolphin,414,26,0,0
src/sysdolphin/baselib/memory.h,src/sysdolphin,147,9,0,0
src/sysdolphin/baselib/mobj.c,src/sysdolphin,18027,591,0,0
src/sysdolphin/baselib/mobj.h,src/sysdolphin,5711,186,0,0
src/sysdolphin/baselib/mtx.c,src/sysdolphin,15270,508,0,0
src/sysdolphin/baselib/mtx.h,src/sysdolphin,1830,64,0,0
src/sysdolphin/baselib/objalloc.c,src/sysdolphin,4271,161,0,0
src/sysdolphin/baselib/objalloc.h,src/sysdolphin,1951,80,0,0
src/sysdolphin/baselib/object.c,src/sysdolphin,237,9,0,0
src/sysdolphin/baselib/object.h,src/sysdolphin,2791,121,0,0
src/sysdolphin/baselib/particle.c,src/sysdolphin,108669,3085,0,0
src/sysdolphin/baselib/particle.h,src/sysdolphin,2233,48,0,0
src/sysdolphin/baselib/perf.c,src/sysdolphin,977,46,0,0
src/sysdolphin/baselib/perf.h,src/sysdolphin,634,29,0,0
src/sysdolphin/baselib/pobj.c,src/sysdolphin,38533,1305,0,0
src/sysdolphin/baselib/pobj.h,src/sysdolphin,4318,157,0,0
src/sysdolphin/baselib/psappsrt.c,src/sysdolphin,3118,132,0,0
src/sysdolphin/baselib/psappsrt.h,src/sysdolphin,824,25,0,0
src/sysdolphin/baselib/psdisp.c,src/sysdolphin,79749,2206,0,0
src/sysdolphin/baselib/psdisp.h,src/sysdolphin,303,12,0,0
src/sysdolphin/baselib/psdisptev.c,src/sysdolphin,8201,204,0,0
src/sysdolphin/baselib/psdisptev.h,src/sysdolphin,237,10,0,0
src/sysdolphin/baselib/psstructs.h,src/sysdolphin,11042,360,0,0
src/sysdolphin/baselib/quatlib.c,src/sysdolphin,5269,199,0,0
src/sysdolphin/baselib/quatlib.h,src/sysdolphin,465,15,0,0
src/sysdolphin/baselib/random.c,src/sysdolphin,610,28,0,0
src/sysdolphin/baselib/random.h,src/sysdolphin,413,21,0,0
src/sysdolphin/baselib/robj.c,src/sysdolphin,25552,941,0,0
src/sysdolphin/baselib/robj.h,src/sysdolphin,4157,153,0,0
src/sysdolphin/baselib/rumble.c,src/sysdolphin,6619,275,0,0
src/sysdolphin/baselib/rumble.h,src/sysdolphin,1650,65,0,0
src/sysdolphin/baselib/shadow.c,src/sysdolphin,14367,505,0,0
src/sysdolphin/baselib/shadow.h,src/sysdolphin,1921,63,0,0
src/sysdolphin/baselib/sislib.c,src/sysdolphin,16047,603,0,0
src/sysdolphin/baselib/sislib.h,src/sysdolphin,4407,139,0,0
src/sysdolphin/baselib/sislib_font.c,src/sysdolphin,144,5,0,0
src/sysdolphin/baselib/sislib_font.h,src/sysdolphin,882,33,0,0
src/sysdolphin/baselib/sobjlib.c,src/sysdolphin,20640,605,0,0
src/sysdolphin/baselib/sobjlib.h,src/sysdolphin,2479,84,0,0
src/sysdolphin/baselib/spline.c,src/sysdolphin,6796,238,0,0
src/sysdolphin/baselib/spline.h,src/sysdolphin,559,21,0,0
src/sysdolphin/baselib/state.c,src/sysdolphin,12622,442,0,0
src/sysdolphin/baselib/state.h,src/sysdolphin,1799,58,0,0
src/sysdolphin/baselib/synth.c,src/sysdolphin,52392,1634,0,0
src/sysdolphin/baselib/synth.h,src/sysdolphin,3341,66,0,0
src/sysdolphin/baselib/tev.c,src/sysdolphin,13021,544,0,0
src/sysdolphin/baselib/tev.h,src/sysdolphin,1175,36,0,0
src/sysdolphin/baselib/texp.c,src/sysdolphin,39104,1235,0,0
src/sysdolphin/baselib/texp.h,src/sysdolphin,5221,212,0,0
src/sysdolphin/baselib/texpdag.c,src/sysdolphin,50755,1317,0,0
src/sysdolphin/baselib/texpdag.h,src/sysdolphin,1433,38,0,0
src/sysdolphin/baselib/tobj.c,src/sysdolphin,46519,1626,0,0
src/sysdolphin/baselib/tobj.h,src/sysdolphin,10436,322,0,0
src/sysdolphin/baselib/util.c,src/sysdolphin,1087,58,0,0
src/sysdolphin/baselib/util.h,src/sysdolphin,1035,48,0,0
src/sysdolphin/baselib/video.c,src/sysdolphin,10945,442,0,0
src/sysdolphin/baselib/video.h,src/sysdolphin,3338,144,0,0
src/sysdolphin/baselib/wobj.c,src/sysdolphin,6971,265,0,0
src/sysdolphin/baselib/wobj.h,src/sysdolphin,1918,75,0,0
tools/dat-cli/assets/macros.h,tools/dat-cli,488,13,0,0
